<?xml version="1.0" encoding="UTF-8"?>
<gpx xmlns="http://www.topografix.com/GPX/1/1" xmlns:xsi="http://www.w3.org/2001/XMLSchema-instance" version="1.1" creator="Trace de Trail" xsi:schemaLocation="http://www.topografix.com/GPX/1/1 http://www.topografix.com/GPX/1/1/gpx.xsd">
  <metadata>
    <name>Garmin WTF Spartacus 2025 - Garmin WTF Spartacus 2025-terep XL tav</name>
    <desc>Parcours créé sur Trace de Trail</desc>
    <link href="https://tracedetrail.fr/en/trace/278118">
      <text>Cartographie du parcours</text>
    </link>
    <time>2026-08-18T15:47:12+00:00</time>
  </metadata>
  <trk>
    <name>Garmin WTF Spartacus 2025 - Garmin WTF Spartacus 2025-terep XL tav sur TraceDeTrail.fr</name>
    <src>Trace de Trail</src>
    <trkseg>
      <trkpt lat="47.76851" lon="18.98213">
        <ele>197</ele>
        <time>2026-08-18T15:47:12+00:00</time>
      </trkpt>
      <trkpt lat="47.76851" lon="18.9821">
        <ele>197</ele>
        <time>2026-08-18T15:47:15+00:00</time>
      </trkpt>
      <trkpt lat="47.76802" lon="18.98216">
        <ele>199</ele>
        <time>2026-08-18T15:47:18+00:00</time>
      </trkpt>
      <trkpt lat="47.76785" lon="18.98215">
        <ele>208</ele>
        <time>2026-08-18T15:47:21+00:00</time>
      </trkpt>
      <trkpt lat="47.7676" lon="18.9821">
        <ele>203</ele>
        <time>2026-08-18T15:47:24+00:00</time>
      </trkpt>
      <trkpt lat="47.76737" lon="18.98201">
        <ele>205</ele>
        <time>2026-08-18T15:47:27+00:00</time>
      </trkpt>
      <trkpt lat="47.76715" lon="18.98188">
        <ele>206</ele>
        <time>2026-08-18T15:47:30+00:00</time>
      </trkpt>
      <trkpt lat="47.76692" lon="18.98175">
        <ele>206</ele>
        <time>2026-08-18T15:47:33+00:00</time>
      </trkpt>
      <trkpt lat="47.7667" lon="18.98164">
        <ele>207</ele>
        <time>2026-08-18T15:47:36+00:00</time>
      </trkpt>
      <trkpt lat="47.76648" lon="18.98152">
        <ele>209</ele>
        <time>2026-08-18T15:47:39+00:00</time>
      </trkpt>
      <trkpt lat="47.76624" lon="18.9814">
        <ele>209</ele>
        <time>2026-08-18T15:47:42+00:00</time>
      </trkpt>
      <trkpt lat="47.76594" lon="18.98125">
        <ele>209</ele>
        <time>2026-08-18T15:47:45+00:00</time>
      </trkpt>
      <trkpt lat="47.76557" lon="18.98109">
        <ele>209</ele>
        <time>2026-08-18T15:47:48+00:00</time>
      </trkpt>
      <trkpt lat="47.76545" lon="18.98109">
        <ele>205</ele>
        <time>2026-08-18T15:47:51+00:00</time>
      </trkpt>
      <trkpt lat="47.76531" lon="18.98114">
        <ele>211</ele>
        <time>2026-08-18T15:47:54+00:00</time>
      </trkpt>
      <trkpt lat="47.7652" lon="18.98119">
        <ele>213</ele>
        <time>2026-08-18T15:47:57+00:00</time>
      </trkpt>
      <trkpt lat="47.76453" lon="18.9816">
        <ele>219</ele>
        <time>2026-08-18T15:48:00+00:00</time>
      </trkpt>
      <trkpt lat="47.76428" lon="18.98178">
        <ele>222</ele>
        <time>2026-08-18T15:48:03+00:00</time>
      </trkpt>
      <trkpt lat="47.76386" lon="18.98207">
        <ele>227</ele>
        <time>2026-08-18T15:48:06+00:00</time>
      </trkpt>
      <trkpt lat="47.76373" lon="18.98213">
        <ele>222</ele>
        <time>2026-08-18T15:48:09+00:00</time>
      </trkpt>
      <trkpt lat="47.76361" lon="18.98216">
        <ele>230</ele>
        <time>2026-08-18T15:48:12+00:00</time>
      </trkpt>
      <trkpt lat="47.76348" lon="18.98216">
        <ele>225</ele>
        <time>2026-08-18T15:48:15+00:00</time>
      </trkpt>
      <trkpt lat="47.76339" lon="18.9821">
        <ele>230</ele>
        <time>2026-08-18T15:48:18+00:00</time>
      </trkpt>
      <trkpt lat="47.76325" lon="18.98199">
        <ele>226</ele>
        <time>2026-08-18T15:48:21+00:00</time>
      </trkpt>
      <trkpt lat="47.76272" lon="18.9814">
        <ele>230</ele>
        <time>2026-08-18T15:48:24+00:00</time>
      </trkpt>
      <trkpt lat="47.76258" lon="18.9813">
        <ele>229</ele>
        <time>2026-08-18T15:48:27+00:00</time>
      </trkpt>
      <trkpt lat="47.76243" lon="18.98123">
        <ele>230</ele>
        <time>2026-08-18T15:48:30+00:00</time>
      </trkpt>
      <trkpt lat="47.76227" lon="18.9812">
        <ele>227</ele>
        <time>2026-08-18T15:48:33+00:00</time>
      </trkpt>
      <trkpt lat="47.76198" lon="18.98122">
        <ele>232</ele>
        <time>2026-08-18T15:48:36+00:00</time>
      </trkpt>
      <trkpt lat="47.76165" lon="18.9812">
        <ele>234</ele>
        <time>2026-08-18T15:48:39+00:00</time>
      </trkpt>
      <trkpt lat="47.76131" lon="18.98119">
        <ele>234</ele>
        <time>2026-08-18T15:48:42+00:00</time>
      </trkpt>
      <trkpt lat="47.76071" lon="18.98116">
        <ele>236</ele>
        <time>2026-08-18T15:48:45+00:00</time>
      </trkpt>
      <trkpt lat="47.7604" lon="18.9811">
        <ele>236</ele>
        <time>2026-08-18T15:48:48+00:00</time>
      </trkpt>
      <trkpt lat="47.7601" lon="18.98105">
        <ele>236</ele>
        <time>2026-08-18T15:48:51+00:00</time>
      </trkpt>
      <trkpt lat="47.75974" lon="18.98098">
        <ele>236</ele>
        <time>2026-08-18T15:48:54+00:00</time>
      </trkpt>
      <trkpt lat="47.75951" lon="18.98093">
        <ele>237</ele>
        <time>2026-08-18T15:48:57+00:00</time>
      </trkpt>
      <trkpt lat="47.75927" lon="18.98087">
        <ele>242</ele>
        <time>2026-08-18T15:49:00+00:00</time>
      </trkpt>
      <trkpt lat="47.75907" lon="18.98087">
        <ele>243</ele>
        <time>2026-08-18T15:49:03+00:00</time>
      </trkpt>
      <trkpt lat="47.75891" lon="18.98095">
        <ele>236</ele>
        <time>2026-08-18T15:49:06+00:00</time>
      </trkpt>
      <trkpt lat="47.75875" lon="18.98109">
        <ele>247</ele>
        <time>2026-08-18T15:49:09+00:00</time>
      </trkpt>
      <trkpt lat="47.75858" lon="18.98133">
        <ele>247</ele>
        <time>2026-08-18T15:49:12+00:00</time>
      </trkpt>
      <trkpt lat="47.7584" lon="18.98179">
        <ele>248</ele>
        <time>2026-08-18T15:49:15+00:00</time>
      </trkpt>
      <trkpt lat="47.75821" lon="18.98226">
        <ele>250</ele>
        <time>2026-08-18T15:49:18+00:00</time>
      </trkpt>
      <trkpt lat="47.75803" lon="18.98272">
        <ele>256</ele>
        <time>2026-08-18T15:49:21+00:00</time>
      </trkpt>
      <trkpt lat="47.75785" lon="18.98319">
        <ele>256</ele>
        <time>2026-08-18T15:49:24+00:00</time>
      </trkpt>
      <trkpt lat="47.75766" lon="18.98366">
        <ele>256</ele>
        <time>2026-08-18T15:49:27+00:00</time>
      </trkpt>
      <trkpt lat="47.75757" lon="18.98397">
        <ele>259</ele>
        <time>2026-08-18T15:49:30+00:00</time>
      </trkpt>
      <trkpt lat="47.75751" lon="18.98411">
        <ele>254</ele>
        <time>2026-08-18T15:49:33+00:00</time>
      </trkpt>
      <trkpt lat="47.75741" lon="18.98427">
        <ele>262</ele>
        <time>2026-08-18T15:49:36+00:00</time>
      </trkpt>
      <trkpt lat="47.75734" lon="18.98432">
        <ele>256</ele>
        <time>2026-08-18T15:49:39+00:00</time>
      </trkpt>
      <trkpt lat="47.75724" lon="18.98441">
        <ele>263</ele>
        <time>2026-08-18T15:49:42+00:00</time>
      </trkpt>
      <trkpt lat="47.75712" lon="18.98455">
        <ele>258</ele>
        <time>2026-08-18T15:49:45+00:00</time>
      </trkpt>
      <trkpt lat="47.75692" lon="18.98485">
        <ele>263</ele>
        <time>2026-08-18T15:49:48+00:00</time>
      </trkpt>
      <trkpt lat="47.75678" lon="18.98508">
        <ele>265</ele>
        <time>2026-08-18T15:49:51+00:00</time>
      </trkpt>
      <trkpt lat="47.75673" lon="18.98518">
        <ele>258</ele>
        <time>2026-08-18T15:49:54+00:00</time>
      </trkpt>
      <trkpt lat="47.75667" lon="18.98532">
        <ele>266</ele>
        <time>2026-08-18T15:49:57+00:00</time>
      </trkpt>
      <trkpt lat="47.75653" lon="18.98553">
        <ele>266</ele>
        <time>2026-08-18T15:50:00+00:00</time>
      </trkpt>
      <trkpt lat="47.75641" lon="18.98569">
        <ele>259</ele>
        <time>2026-08-18T15:50:03+00:00</time>
      </trkpt>
      <trkpt lat="47.75624" lon="18.98586">
        <ele>267</ele>
        <time>2026-08-18T15:50:06+00:00</time>
      </trkpt>
      <trkpt lat="47.75618" lon="18.98594">
        <ele>264</ele>
        <time>2026-08-18T15:50:09+00:00</time>
      </trkpt>
      <trkpt lat="47.75606" lon="18.98613">
        <ele>269</ele>
        <time>2026-08-18T15:50:12+00:00</time>
      </trkpt>
      <trkpt lat="47.75579" lon="18.98623">
        <ele>269</ele>
        <time>2026-08-18T15:50:15+00:00</time>
      </trkpt>
      <trkpt lat="47.75571" lon="18.98625">
        <ele>272</ele>
        <time>2026-08-18T15:50:18+00:00</time>
      </trkpt>
      <trkpt lat="47.75553" lon="18.98657">
        <ele>269</ele>
        <time>2026-08-18T15:50:21+00:00</time>
      </trkpt>
      <trkpt lat="47.7554" lon="18.98676">
        <ele>271</ele>
        <time>2026-08-18T15:50:24+00:00</time>
      </trkpt>
      <trkpt lat="47.75525" lon="18.98691">
        <ele>276</ele>
        <time>2026-08-18T15:50:27+00:00</time>
      </trkpt>
      <trkpt lat="47.75507" lon="18.98695">
        <ele>274</ele>
        <time>2026-08-18T15:50:30+00:00</time>
      </trkpt>
      <trkpt lat="47.75506" lon="18.98684">
        <ele>279</ele>
        <time>2026-08-18T15:50:33+00:00</time>
      </trkpt>
      <trkpt lat="47.75512" lon="18.9867">
        <ele>275</ele>
        <time>2026-08-18T15:50:36+00:00</time>
      </trkpt>
      <trkpt lat="47.75528" lon="18.98648">
        <ele>275</ele>
        <time>2026-08-18T15:50:39+00:00</time>
      </trkpt>
      <trkpt lat="47.75534" lon="18.98638">
        <ele>283</ele>
        <time>2026-08-18T15:50:42+00:00</time>
      </trkpt>
      <trkpt lat="47.75566" lon="18.98589">
        <ele>275</ele>
        <time>2026-08-18T15:50:45+00:00</time>
      </trkpt>
      <trkpt lat="47.75573" lon="18.98561">
        <ele>276</ele>
        <time>2026-08-18T15:50:48+00:00</time>
      </trkpt>
      <trkpt lat="47.75584" lon="18.98538">
        <ele>277</ele>
        <time>2026-08-18T15:50:51+00:00</time>
      </trkpt>
      <trkpt lat="47.75601" lon="18.985">
        <ele>279</ele>
        <time>2026-08-18T15:50:54+00:00</time>
      </trkpt>
      <trkpt lat="47.75612" lon="18.98463">
        <ele>284</ele>
        <time>2026-08-18T15:50:57+00:00</time>
      </trkpt>
      <trkpt lat="47.75628" lon="18.9841">
        <ele>290</ele>
        <time>2026-08-18T15:51:00+00:00</time>
      </trkpt>
      <trkpt lat="47.75634" lon="18.9837">
        <ele>293</ele>
        <time>2026-08-18T15:51:03+00:00</time>
      </trkpt>
      <trkpt lat="47.75638" lon="18.98347">
        <ele>302</ele>
        <time>2026-08-18T15:51:06+00:00</time>
      </trkpt>
      <trkpt lat="47.75647" lon="18.98323">
        <ele>292</ele>
        <time>2026-08-18T15:51:09+00:00</time>
      </trkpt>
      <trkpt lat="47.75661" lon="18.98306">
        <ele>301</ele>
        <time>2026-08-18T15:51:12+00:00</time>
      </trkpt>
      <trkpt lat="47.75684" lon="18.98283">
        <ele>293</ele>
        <time>2026-08-18T15:51:15+00:00</time>
      </trkpt>
      <trkpt lat="47.75692" lon="18.98264">
        <ele>296</ele>
        <time>2026-08-18T15:51:18+00:00</time>
      </trkpt>
      <trkpt lat="47.75698" lon="18.98245">
        <ele>295</ele>
        <time>2026-08-18T15:51:21+00:00</time>
      </trkpt>
      <trkpt lat="47.75705" lon="18.9823">
        <ele>299</ele>
        <time>2026-08-18T15:51:24+00:00</time>
      </trkpt>
      <trkpt lat="47.75707" lon="18.98201">
        <ele>299</ele>
        <time>2026-08-18T15:51:27+00:00</time>
      </trkpt>
      <trkpt lat="47.75708" lon="18.98162">
        <ele>307</ele>
        <time>2026-08-18T15:51:30+00:00</time>
      </trkpt>
      <trkpt lat="47.75705" lon="18.98147">
        <ele>318</ele>
        <time>2026-08-18T15:51:33+00:00</time>
      </trkpt>
      <trkpt lat="47.75707" lon="18.98132">
        <ele>307</ele>
        <time>2026-08-18T15:51:36+00:00</time>
      </trkpt>
      <trkpt lat="47.75712" lon="18.9812">
        <ele>320</ele>
        <time>2026-08-18T15:51:39+00:00</time>
      </trkpt>
      <trkpt lat="47.75725" lon="18.98112">
        <ele>306</ele>
        <time>2026-08-18T15:51:42+00:00</time>
      </trkpt>
      <trkpt lat="47.7574" lon="18.98101">
        <ele>308</ele>
        <time>2026-08-18T15:51:45+00:00</time>
      </trkpt>
      <trkpt lat="47.75748" lon="18.98085">
        <ele>309</ele>
        <time>2026-08-18T15:51:48+00:00</time>
      </trkpt>
      <trkpt lat="47.75753" lon="18.98073">
        <ele>303</ele>
        <time>2026-08-18T15:51:51+00:00</time>
      </trkpt>
      <trkpt lat="47.75753" lon="18.98061">
        <ele>305</ele>
        <time>2026-08-18T15:51:54+00:00</time>
      </trkpt>
      <trkpt lat="47.7575" lon="18.98044">
        <ele>304</ele>
        <time>2026-08-18T15:51:57+00:00</time>
      </trkpt>
      <trkpt lat="47.75751" lon="18.98034">
        <ele>308</ele>
        <time>2026-08-18T15:52:00+00:00</time>
      </trkpt>
      <trkpt lat="47.75756" lon="18.98026">
        <ele>306</ele>
        <time>2026-08-18T15:52:03+00:00</time>
      </trkpt>
      <trkpt lat="47.75781" lon="18.97997">
        <ele>303</ele>
        <time>2026-08-18T15:52:06+00:00</time>
      </trkpt>
      <trkpt lat="47.75786" lon="18.97985">
        <ele>287</ele>
        <time>2026-08-18T15:52:09+00:00</time>
      </trkpt>
      <trkpt lat="47.75787" lon="18.9797">
        <ele>303</ele>
        <time>2026-08-18T15:52:12+00:00</time>
      </trkpt>
      <trkpt lat="47.75784" lon="18.9795">
        <ele>293</ele>
        <time>2026-08-18T15:52:15+00:00</time>
      </trkpt>
      <trkpt lat="47.75777" lon="18.97927">
        <ele>311</ele>
        <time>2026-08-18T15:52:18+00:00</time>
      </trkpt>
      <trkpt lat="47.75769" lon="18.97913">
        <ele>301</ele>
        <time>2026-08-18T15:52:21+00:00</time>
      </trkpt>
      <trkpt lat="47.75758" lon="18.97896">
        <ele>321</ele>
        <time>2026-08-18T15:52:24+00:00</time>
      </trkpt>
      <trkpt lat="47.75752" lon="18.97882">
        <ele>312</ele>
        <time>2026-08-18T15:52:27+00:00</time>
      </trkpt>
      <trkpt lat="47.7575" lon="18.97851">
        <ele>321</ele>
        <time>2026-08-18T15:52:30+00:00</time>
      </trkpt>
      <trkpt lat="47.75752" lon="18.97826">
        <ele>315</ele>
        <time>2026-08-18T15:52:33+00:00</time>
      </trkpt>
      <trkpt lat="47.75759" lon="18.97793">
        <ele>321</ele>
        <time>2026-08-18T15:52:36+00:00</time>
      </trkpt>
      <trkpt lat="47.75758" lon="18.9778">
        <ele>309</ele>
        <time>2026-08-18T15:52:39+00:00</time>
      </trkpt>
      <trkpt lat="47.75758" lon="18.97757">
        <ele>321</ele>
        <time>2026-08-18T15:52:42+00:00</time>
      </trkpt>
      <trkpt lat="47.75761" lon="18.97736">
        <ele>311</ele>
        <time>2026-08-18T15:52:45+00:00</time>
      </trkpt>
      <trkpt lat="47.75761" lon="18.97717">
        <ele>321</ele>
        <time>2026-08-18T15:52:48+00:00</time>
      </trkpt>
      <trkpt lat="47.75752" lon="18.97696">
        <ele>314</ele>
        <time>2026-08-18T15:52:51+00:00</time>
      </trkpt>
      <trkpt lat="47.75743" lon="18.97677">
        <ele>327</ele>
        <time>2026-08-18T15:52:54+00:00</time>
      </trkpt>
      <trkpt lat="47.75734" lon="18.97664">
        <ele>325</ele>
        <time>2026-08-18T15:52:57+00:00</time>
      </trkpt>
      <trkpt lat="47.75718" lon="18.97651">
        <ele>334</ele>
        <time>2026-08-18T15:53:00+00:00</time>
      </trkpt>
      <trkpt lat="47.75687" lon="18.97634">
        <ele>340</ele>
        <time>2026-08-18T15:53:03+00:00</time>
      </trkpt>
      <trkpt lat="47.75668" lon="18.97619">
        <ele>344</ele>
        <time>2026-08-18T15:53:06+00:00</time>
      </trkpt>
      <trkpt lat="47.75665" lon="18.97614">
        <ele>349</ele>
        <time>2026-08-18T15:53:09+00:00</time>
      </trkpt>
      <trkpt lat="47.75663" lon="18.97608">
        <ele>350</ele>
        <time>2026-08-18T15:53:12+00:00</time>
      </trkpt>
      <trkpt lat="47.75665" lon="18.97602">
        <ele>350</ele>
        <time>2026-08-18T15:53:15+00:00</time>
      </trkpt>
      <trkpt lat="47.75671" lon="18.97595">
        <ele>344</ele>
        <time>2026-08-18T15:53:18+00:00</time>
      </trkpt>
      <trkpt lat="47.757" lon="18.9758">
        <ele>344</ele>
        <time>2026-08-18T15:53:21+00:00</time>
      </trkpt>
      <trkpt lat="47.75691" lon="18.97549">
        <ele>344</ele>
        <time>2026-08-18T15:53:24+00:00</time>
      </trkpt>
      <trkpt lat="47.75682" lon="18.97518">
        <ele>346</ele>
        <time>2026-08-18T15:53:27+00:00</time>
      </trkpt>
      <trkpt lat="47.75665" lon="18.97495">
        <ele>349</ele>
        <time>2026-08-18T15:53:30+00:00</time>
      </trkpt>
      <trkpt lat="47.75643" lon="18.97456">
        <ele>349</ele>
        <time>2026-08-18T15:53:33+00:00</time>
      </trkpt>
      <trkpt lat="47.75641" lon="18.97457">
        <ele>355</ele>
        <time>2026-08-18T15:53:36+00:00</time>
      </trkpt>
      <trkpt lat="47.75627" lon="18.97445">
        <ele>349</ele>
        <time>2026-08-18T15:53:39+00:00</time>
      </trkpt>
      <trkpt lat="47.75612" lon="18.97437">
        <ele>357</ele>
        <time>2026-08-18T15:53:42+00:00</time>
      </trkpt>
      <trkpt lat="47.75566" lon="18.9742">
        <ele>349</ele>
        <time>2026-08-18T15:53:45+00:00</time>
      </trkpt>
      <trkpt lat="47.75556" lon="18.97412">
        <ele>353</ele>
        <time>2026-08-18T15:53:48+00:00</time>
      </trkpt>
      <trkpt lat="47.75523" lon="18.97393">
        <ele>348</ele>
        <time>2026-08-18T15:53:51+00:00</time>
      </trkpt>
      <trkpt lat="47.75496" lon="18.97367">
        <ele>347</ele>
        <time>2026-08-18T15:53:54+00:00</time>
      </trkpt>
      <trkpt lat="47.75483" lon="18.9735">
        <ele>346</ele>
        <time>2026-08-18T15:53:57+00:00</time>
      </trkpt>
      <trkpt lat="47.75466" lon="18.97325">
        <ele>345</ele>
        <time>2026-08-18T15:54:00+00:00</time>
      </trkpt>
      <trkpt lat="47.75457" lon="18.97319">
        <ele>341</ele>
        <time>2026-08-18T15:54:03+00:00</time>
      </trkpt>
      <trkpt lat="47.75447" lon="18.97315">
        <ele>347</ele>
        <time>2026-08-18T15:54:06+00:00</time>
      </trkpt>
      <trkpt lat="47.75424" lon="18.97323">
        <ele>349</ele>
        <time>2026-08-18T15:54:09+00:00</time>
      </trkpt>
      <trkpt lat="47.7541" lon="18.97322">
        <ele>349</ele>
        <time>2026-08-18T15:54:12+00:00</time>
      </trkpt>
      <trkpt lat="47.75403" lon="18.97326">
        <ele>354</ele>
        <time>2026-08-18T15:54:15+00:00</time>
      </trkpt>
      <trkpt lat="47.75401" lon="18.97323">
        <ele>351</ele>
        <time>2026-08-18T15:54:18+00:00</time>
      </trkpt>
      <trkpt lat="47.75403" lon="18.97312">
        <ele>349</ele>
        <time>2026-08-18T15:54:21+00:00</time>
      </trkpt>
      <trkpt lat="47.75398" lon="18.97303">
        <ele>354</ele>
        <time>2026-08-18T15:54:24+00:00</time>
      </trkpt>
      <trkpt lat="47.75395" lon="18.97292">
        <ele>349</ele>
        <time>2026-08-18T15:54:27+00:00</time>
      </trkpt>
      <trkpt lat="47.75393" lon="18.97264">
        <ele>346</ele>
        <time>2026-08-18T15:54:30+00:00</time>
      </trkpt>
      <trkpt lat="47.7539" lon="18.97247">
        <ele>344</ele>
        <time>2026-08-18T15:54:33+00:00</time>
      </trkpt>
      <trkpt lat="47.75359" lon="18.97201">
        <ele>343</ele>
        <time>2026-08-18T15:54:36+00:00</time>
      </trkpt>
      <trkpt lat="47.7534" lon="18.97182">
        <ele>342</ele>
        <time>2026-08-18T15:54:39+00:00</time>
      </trkpt>
      <trkpt lat="47.75319" lon="18.97161">
        <ele>340</ele>
        <time>2026-08-18T15:54:42+00:00</time>
      </trkpt>
      <trkpt lat="47.7529" lon="18.97146">
        <ele>339</ele>
        <time>2026-08-18T15:54:45+00:00</time>
      </trkpt>
      <trkpt lat="47.75262" lon="18.97113">
        <ele>339</ele>
        <time>2026-08-18T15:54:48+00:00</time>
      </trkpt>
      <trkpt lat="47.75221" lon="18.97109">
        <ele>348</ele>
        <time>2026-08-18T15:54:51+00:00</time>
      </trkpt>
      <trkpt lat="47.75208" lon="18.9707">
        <ele>348</ele>
        <time>2026-08-18T15:54:54+00:00</time>
      </trkpt>
      <trkpt lat="47.752" lon="18.97058">
        <ele>348</ele>
        <time>2026-08-18T15:54:57+00:00</time>
      </trkpt>
      <trkpt lat="47.75185" lon="18.97048">
        <ele>351</ele>
        <time>2026-08-18T15:55:00+00:00</time>
      </trkpt>
      <trkpt lat="47.75171" lon="18.97036">
        <ele>354</ele>
        <time>2026-08-18T15:55:03+00:00</time>
      </trkpt>
      <trkpt lat="47.75166" lon="18.9703">
        <ele>349</ele>
        <time>2026-08-18T15:55:06+00:00</time>
      </trkpt>
      <trkpt lat="47.75169" lon="18.97022">
        <ele>352</ele>
        <time>2026-08-18T15:55:09+00:00</time>
      </trkpt>
      <trkpt lat="47.75171" lon="18.96991">
        <ele>347</ele>
        <time>2026-08-18T15:55:12+00:00</time>
      </trkpt>
      <trkpt lat="47.75175" lon="18.96972">
        <ele>344</ele>
        <time>2026-08-18T15:55:15+00:00</time>
      </trkpt>
      <trkpt lat="47.75196" lon="18.96933">
        <ele>337</ele>
        <time>2026-08-18T15:55:18+00:00</time>
      </trkpt>
      <trkpt lat="47.75205" lon="18.96908">
        <ele>331</ele>
        <time>2026-08-18T15:55:21+00:00</time>
      </trkpt>
      <trkpt lat="47.75218" lon="18.96889">
        <ele>327</ele>
        <time>2026-08-18T15:55:24+00:00</time>
      </trkpt>
      <trkpt lat="47.75219" lon="18.96882">
        <ele>328</ele>
        <time>2026-08-18T15:55:27+00:00</time>
      </trkpt>
      <trkpt lat="47.75218" lon="18.96876">
        <ele>327</ele>
        <time>2026-08-18T15:55:30+00:00</time>
      </trkpt>
      <trkpt lat="47.75201" lon="18.96862">
        <ele>326</ele>
        <time>2026-08-18T15:55:33+00:00</time>
      </trkpt>
      <trkpt lat="47.75186" lon="18.96855">
        <ele>326</ele>
        <time>2026-08-18T15:55:36+00:00</time>
      </trkpt>
      <trkpt lat="47.75172" lon="18.96847">
        <ele>326</ele>
        <time>2026-08-18T15:55:39+00:00</time>
      </trkpt>
      <trkpt lat="47.75158" lon="18.96844">
        <ele>324</ele>
        <time>2026-08-18T15:55:42+00:00</time>
      </trkpt>
      <trkpt lat="47.75143" lon="18.96848">
        <ele>327</ele>
        <time>2026-08-18T15:55:45+00:00</time>
      </trkpt>
      <trkpt lat="47.7513" lon="18.96857">
        <ele>327</ele>
        <time>2026-08-18T15:55:48+00:00</time>
      </trkpt>
      <trkpt lat="47.75094" lon="18.96866">
        <ele>326</ele>
        <time>2026-08-18T15:55:51+00:00</time>
      </trkpt>
      <trkpt lat="47.75083" lon="18.96867">
        <ele>326</ele>
        <time>2026-08-18T15:55:54+00:00</time>
      </trkpt>
      <trkpt lat="47.75067" lon="18.96858">
        <ele>326</ele>
        <time>2026-08-18T15:55:57+00:00</time>
      </trkpt>
      <trkpt lat="47.7505" lon="18.96855">
        <ele>324</ele>
        <time>2026-08-18T15:56:00+00:00</time>
      </trkpt>
      <trkpt lat="47.75016" lon="18.96867">
        <ele>325</ele>
        <time>2026-08-18T15:56:03+00:00</time>
      </trkpt>
      <trkpt lat="47.75002" lon="18.96867">
        <ele>331</ele>
        <time>2026-08-18T15:56:06+00:00</time>
      </trkpt>
      <trkpt lat="47.74988" lon="18.96862">
        <ele>324</ele>
        <time>2026-08-18T15:56:09+00:00</time>
      </trkpt>
      <trkpt lat="47.7497" lon="18.96849">
        <ele>320</ele>
        <time>2026-08-18T15:56:12+00:00</time>
      </trkpt>
      <trkpt lat="47.74961" lon="18.9685">
        <ele>326</ele>
        <time>2026-08-18T15:56:15+00:00</time>
      </trkpt>
      <trkpt lat="47.74936" lon="18.96869">
        <ele>319</ele>
        <time>2026-08-18T15:56:18+00:00</time>
      </trkpt>
      <trkpt lat="47.74907" lon="18.96888">
        <ele>319</ele>
        <time>2026-08-18T15:56:21+00:00</time>
      </trkpt>
      <trkpt lat="47.74893" lon="18.96902">
        <ele>322</ele>
        <time>2026-08-18T15:56:24+00:00</time>
      </trkpt>
      <trkpt lat="47.74886" lon="18.96912">
        <ele>323</ele>
        <time>2026-08-18T15:56:27+00:00</time>
      </trkpt>
      <trkpt lat="47.74876" lon="18.9692">
        <ele>319</ele>
        <time>2026-08-18T15:56:30+00:00</time>
      </trkpt>
      <trkpt lat="47.74867" lon="18.96937">
        <ele>325</ele>
        <time>2026-08-18T15:56:33+00:00</time>
      </trkpt>
      <trkpt lat="47.74861" lon="18.9696">
        <ele>326</ele>
        <time>2026-08-18T15:56:36+00:00</time>
      </trkpt>
      <trkpt lat="47.74863" lon="18.96974">
        <ele>336</ele>
        <time>2026-08-18T15:56:39+00:00</time>
      </trkpt>
      <trkpt lat="47.74854" lon="18.96994">
        <ele>337</ele>
        <time>2026-08-18T15:56:42+00:00</time>
      </trkpt>
      <trkpt lat="47.74849" lon="18.97001">
        <ele>336</ele>
        <time>2026-08-18T15:56:45+00:00</time>
      </trkpt>
      <trkpt lat="47.74838" lon="18.96991">
        <ele>330</ele>
        <time>2026-08-18T15:56:48+00:00</time>
      </trkpt>
      <trkpt lat="47.74823" lon="18.96985">
        <ele>336</ele>
        <time>2026-08-18T15:56:51+00:00</time>
      </trkpt>
      <trkpt lat="47.74804" lon="18.96994">
        <ele>336</ele>
        <time>2026-08-18T15:56:54+00:00</time>
      </trkpt>
      <trkpt lat="47.74794" lon="18.9701">
        <ele>332</ele>
        <time>2026-08-18T15:56:57+00:00</time>
      </trkpt>
      <trkpt lat="47.74769" lon="18.97022">
        <ele>350</ele>
        <time>2026-08-18T15:57:00+00:00</time>
      </trkpt>
      <trkpt lat="47.74757" lon="18.97041">
        <ele>342</ele>
        <time>2026-08-18T15:57:03+00:00</time>
      </trkpt>
      <trkpt lat="47.7474" lon="18.97048">
        <ele>356</ele>
        <time>2026-08-18T15:57:06+00:00</time>
      </trkpt>
      <trkpt lat="47.74737" lon="18.97056">
        <ele>346</ele>
        <time>2026-08-18T15:57:09+00:00</time>
      </trkpt>
      <trkpt lat="47.74721" lon="18.97064">
        <ele>357</ele>
        <time>2026-08-18T15:57:12+00:00</time>
      </trkpt>
      <trkpt lat="47.74719" lon="18.97055">
        <ele>351</ele>
        <time>2026-08-18T15:57:15+00:00</time>
      </trkpt>
      <trkpt lat="47.74723" lon="18.97042">
        <ele>349</ele>
        <time>2026-08-18T15:57:18+00:00</time>
      </trkpt>
      <trkpt lat="47.74723" lon="18.97022">
        <ele>356</ele>
        <time>2026-08-18T15:57:21+00:00</time>
      </trkpt>
      <trkpt lat="47.74726" lon="18.9699">
        <ele>355</ele>
        <time>2026-08-18T15:57:24+00:00</time>
      </trkpt>
      <trkpt lat="47.74726" lon="18.96976">
        <ele>344</ele>
        <time>2026-08-18T15:57:27+00:00</time>
      </trkpt>
      <trkpt lat="47.74733" lon="18.96955">
        <ele>350</ele>
        <time>2026-08-18T15:57:30+00:00</time>
      </trkpt>
      <trkpt lat="47.74756" lon="18.96904">
        <ele>342</ele>
        <time>2026-08-18T15:57:33+00:00</time>
      </trkpt>
      <trkpt lat="47.74772" lon="18.96856">
        <ele>333</ele>
        <time>2026-08-18T15:57:36+00:00</time>
      </trkpt>
      <trkpt lat="47.74775" lon="18.96832">
        <ele>312</ele>
        <time>2026-08-18T15:57:39+00:00</time>
      </trkpt>
      <trkpt lat="47.74772" lon="18.96811">
        <ele>330</ele>
        <time>2026-08-18T15:57:42+00:00</time>
      </trkpt>
      <trkpt lat="47.74774" lon="18.96801">
        <ele>313</ele>
        <time>2026-08-18T15:57:45+00:00</time>
      </trkpt>
      <trkpt lat="47.74773" lon="18.96788">
        <ele>314</ele>
        <time>2026-08-18T15:57:48+00:00</time>
      </trkpt>
      <trkpt lat="47.74774" lon="18.9677">
        <ele>326</ele>
        <time>2026-08-18T15:57:51+00:00</time>
      </trkpt>
      <trkpt lat="47.74779" lon="18.96756">
        <ele>311</ele>
        <time>2026-08-18T15:57:54+00:00</time>
      </trkpt>
      <trkpt lat="47.74794" lon="18.9674">
        <ele>316</ele>
        <time>2026-08-18T15:57:57+00:00</time>
      </trkpt>
      <trkpt lat="47.74796" lon="18.96734">
        <ele>302</ele>
        <time>2026-08-18T15:58:00+00:00</time>
      </trkpt>
      <trkpt lat="47.74796" lon="18.96728">
        <ele>302</ele>
        <time>2026-08-18T15:58:03+00:00</time>
      </trkpt>
      <trkpt lat="47.74795" lon="18.96721">
        <ele>302</ele>
        <time>2026-08-18T15:58:06+00:00</time>
      </trkpt>
      <trkpt lat="47.74793" lon="18.96716">
        <ele>303</ele>
        <time>2026-08-18T15:58:09+00:00</time>
      </trkpt>
      <trkpt lat="47.7479" lon="18.96714">
        <ele>321</ele>
        <time>2026-08-18T15:58:12+00:00</time>
      </trkpt>
      <trkpt lat="47.74786" lon="18.96714">
        <ele>306</ele>
        <time>2026-08-18T15:58:15+00:00</time>
      </trkpt>
      <trkpt lat="47.74748" lon="18.9672">
        <ele>326</ele>
        <time>2026-08-18T15:58:18+00:00</time>
      </trkpt>
      <trkpt lat="47.74723" lon="18.96722">
        <ele>327</ele>
        <time>2026-08-18T15:58:21+00:00</time>
      </trkpt>
      <trkpt lat="47.74715" lon="18.96718">
        <ele>322</ele>
        <time>2026-08-18T15:58:24+00:00</time>
      </trkpt>
      <trkpt lat="47.74703" lon="18.96701">
        <ele>322</ele>
        <time>2026-08-18T15:58:27+00:00</time>
      </trkpt>
      <trkpt lat="47.74698" lon="18.96686">
        <ele>314</ele>
        <time>2026-08-18T15:58:30+00:00</time>
      </trkpt>
      <trkpt lat="47.74696" lon="18.96664">
        <ele>325</ele>
        <time>2026-08-18T15:58:33+00:00</time>
      </trkpt>
      <trkpt lat="47.74692" lon="18.96659">
        <ele>308</ele>
        <time>2026-08-18T15:58:36+00:00</time>
      </trkpt>
      <trkpt lat="47.74657" lon="18.9668">
        <ele>328</ele>
        <time>2026-08-18T15:58:39+00:00</time>
      </trkpt>
      <trkpt lat="47.7464" lon="18.96686">
        <ele>321</ele>
        <time>2026-08-18T15:58:42+00:00</time>
      </trkpt>
      <trkpt lat="47.74623" lon="18.96687">
        <ele>332</ele>
        <time>2026-08-18T15:58:45+00:00</time>
      </trkpt>
      <trkpt lat="47.74603" lon="18.96686">
        <ele>334</ele>
        <time>2026-08-18T15:58:48+00:00</time>
      </trkpt>
      <trkpt lat="47.74582" lon="18.96683">
        <ele>332</ele>
        <time>2026-08-18T15:58:51+00:00</time>
      </trkpt>
      <trkpt lat="47.74569" lon="18.96676">
        <ele>331</ele>
        <time>2026-08-18T15:58:54+00:00</time>
      </trkpt>
      <trkpt lat="47.74557" lon="18.96664">
        <ele>331</ele>
        <time>2026-08-18T15:58:57+00:00</time>
      </trkpt>
      <trkpt lat="47.74543" lon="18.96643">
        <ele>326</ele>
        <time>2026-08-18T15:59:00+00:00</time>
      </trkpt>
      <trkpt lat="47.74539" lon="18.96631">
        <ele>327</ele>
        <time>2026-08-18T15:59:03+00:00</time>
      </trkpt>
      <trkpt lat="47.74538" lon="18.96621">
        <ele>327</ele>
        <time>2026-08-18T15:59:06+00:00</time>
      </trkpt>
      <trkpt lat="47.74541" lon="18.9661">
        <ele>319</ele>
        <time>2026-08-18T15:59:09+00:00</time>
      </trkpt>
      <trkpt lat="47.7455" lon="18.96594">
        <ele>316</ele>
        <time>2026-08-18T15:59:12+00:00</time>
      </trkpt>
      <trkpt lat="47.74563" lon="18.96563">
        <ele>307</ele>
        <time>2026-08-18T15:59:15+00:00</time>
      </trkpt>
      <trkpt lat="47.74561" lon="18.96556">
        <ele>305</ele>
        <time>2026-08-18T15:59:18+00:00</time>
      </trkpt>
      <trkpt lat="47.74557" lon="18.96554">
        <ele>306</ele>
        <time>2026-08-18T15:59:21+00:00</time>
      </trkpt>
      <trkpt lat="47.74548" lon="18.96558">
        <ele>310</ele>
        <time>2026-08-18T15:59:24+00:00</time>
      </trkpt>
      <trkpt lat="47.74523" lon="18.96585">
        <ele>313</ele>
        <time>2026-08-18T15:59:27+00:00</time>
      </trkpt>
      <trkpt lat="47.74504" lon="18.9661">
        <ele>314</ele>
        <time>2026-08-18T15:59:30+00:00</time>
      </trkpt>
      <trkpt lat="47.74477" lon="18.96625">
        <ele>315</ele>
        <time>2026-08-18T15:59:33+00:00</time>
      </trkpt>
      <trkpt lat="47.74454" lon="18.96647">
        <ele>316</ele>
        <time>2026-08-18T15:59:36+00:00</time>
      </trkpt>
      <trkpt lat="47.74425" lon="18.96684">
        <ele>316</ele>
        <time>2026-08-18T15:59:39+00:00</time>
      </trkpt>
      <trkpt lat="47.74397" lon="18.96696">
        <ele>316</ele>
        <time>2026-08-18T15:59:42+00:00</time>
      </trkpt>
      <trkpt lat="47.74379" lon="18.9672">
        <ele>317</ele>
        <time>2026-08-18T15:59:45+00:00</time>
      </trkpt>
      <trkpt lat="47.74359" lon="18.96747">
        <ele>320</ele>
        <time>2026-08-18T15:59:48+00:00</time>
      </trkpt>
      <trkpt lat="47.74338" lon="18.9678">
        <ele>325</ele>
        <time>2026-08-18T15:59:51+00:00</time>
      </trkpt>
      <trkpt lat="47.74317" lon="18.96813">
        <ele>328</ele>
        <time>2026-08-18T15:59:54+00:00</time>
      </trkpt>
      <trkpt lat="47.74295" lon="18.96849">
        <ele>334</ele>
        <time>2026-08-18T15:59:57+00:00</time>
      </trkpt>
      <trkpt lat="47.74285" lon="18.96856">
        <ele>342</ele>
        <time>2026-08-18T16:00:00+00:00</time>
      </trkpt>
      <trkpt lat="47.74274" lon="18.96857">
        <ele>330</ele>
        <time>2026-08-18T16:00:03+00:00</time>
      </trkpt>
      <trkpt lat="47.74259" lon="18.96848">
        <ele>341</ele>
        <time>2026-08-18T16:00:06+00:00</time>
      </trkpt>
      <trkpt lat="47.74213" lon="18.96808">
        <ele>327</ele>
        <time>2026-08-18T16:00:09+00:00</time>
      </trkpt>
      <trkpt lat="47.742" lon="18.9679">
        <ele>328</ele>
        <time>2026-08-18T16:00:12+00:00</time>
      </trkpt>
      <trkpt lat="47.74187" lon="18.96777">
        <ele>326</ele>
        <time>2026-08-18T16:00:15+00:00</time>
      </trkpt>
      <trkpt lat="47.74156" lon="18.9677">
        <ele>325</ele>
        <time>2026-08-18T16:00:18+00:00</time>
      </trkpt>
      <trkpt lat="47.74121" lon="18.96751">
        <ele>326</ele>
        <time>2026-08-18T16:00:21+00:00</time>
      </trkpt>
      <trkpt lat="47.7408" lon="18.96744">
        <ele>327</ele>
        <time>2026-08-18T16:00:24+00:00</time>
      </trkpt>
      <trkpt lat="47.7405" lon="18.9673">
        <ele>328</ele>
        <time>2026-08-18T16:00:27+00:00</time>
      </trkpt>
      <trkpt lat="47.74035" lon="18.96722">
        <ele>326</ele>
        <time>2026-08-18T16:00:30+00:00</time>
      </trkpt>
      <trkpt lat="47.74016" lon="18.96721">
        <ele>332</ele>
        <time>2026-08-18T16:00:33+00:00</time>
      </trkpt>
      <trkpt lat="47.73995" lon="18.96735">
        <ele>337</ele>
        <time>2026-08-18T16:00:36+00:00</time>
      </trkpt>
      <trkpt lat="47.73972" lon="18.96751">
        <ele>342</ele>
        <time>2026-08-18T16:00:39+00:00</time>
      </trkpt>
      <trkpt lat="47.73961" lon="18.96755">
        <ele>344</ele>
        <time>2026-08-18T16:00:42+00:00</time>
      </trkpt>
      <trkpt lat="47.73948" lon="18.96757">
        <ele>348</ele>
        <time>2026-08-18T16:00:45+00:00</time>
      </trkpt>
      <trkpt lat="47.73936" lon="18.96757">
        <ele>350</ele>
        <time>2026-08-18T16:00:48+00:00</time>
      </trkpt>
      <trkpt lat="47.73905" lon="18.96735">
        <ele>355</ele>
        <time>2026-08-18T16:00:51+00:00</time>
      </trkpt>
      <trkpt lat="47.73879" lon="18.96727">
        <ele>362</ele>
        <time>2026-08-18T16:00:54+00:00</time>
      </trkpt>
      <trkpt lat="47.73862" lon="18.96733">
        <ele>366</ele>
        <time>2026-08-18T16:00:57+00:00</time>
      </trkpt>
      <trkpt lat="47.73844" lon="18.96745">
        <ele>369</ele>
        <time>2026-08-18T16:01:00+00:00</time>
      </trkpt>
      <trkpt lat="47.73822" lon="18.96781">
        <ele>369</ele>
        <time>2026-08-18T16:01:03+00:00</time>
      </trkpt>
      <trkpt lat="47.73798" lon="18.96803">
        <ele>370</ele>
        <time>2026-08-18T16:01:06+00:00</time>
      </trkpt>
      <trkpt lat="47.73768" lon="18.96819">
        <ele>371</ele>
        <time>2026-08-18T16:01:09+00:00</time>
      </trkpt>
      <trkpt lat="47.73761" lon="18.96824">
        <ele>366</ele>
        <time>2026-08-18T16:01:12+00:00</time>
      </trkpt>
      <trkpt lat="47.73747" lon="18.96832">
        <ele>371</ele>
        <time>2026-08-18T16:01:15+00:00</time>
      </trkpt>
      <trkpt lat="47.73757" lon="18.96857">
        <ele>373</ele>
        <time>2026-08-18T16:01:18+00:00</time>
      </trkpt>
      <trkpt lat="47.73765" lon="18.96889">
        <ele>376</ele>
        <time>2026-08-18T16:01:21+00:00</time>
      </trkpt>
      <trkpt lat="47.73773" lon="18.96911">
        <ele>384</ele>
        <time>2026-08-18T16:01:24+00:00</time>
      </trkpt>
      <trkpt lat="47.73782" lon="18.96924">
        <ele>382</ele>
        <time>2026-08-18T16:01:27+00:00</time>
      </trkpt>
      <trkpt lat="47.73785" lon="18.96938">
        <ele>387</ele>
        <time>2026-08-18T16:01:30+00:00</time>
      </trkpt>
      <trkpt lat="47.73784" lon="18.96949">
        <ele>389</ele>
        <time>2026-08-18T16:01:33+00:00</time>
      </trkpt>
      <trkpt lat="47.7378" lon="18.96968">
        <ele>388</ele>
        <time>2026-08-18T16:01:36+00:00</time>
      </trkpt>
      <trkpt lat="47.73777" lon="18.96989">
        <ele>397</ele>
        <time>2026-08-18T16:01:39+00:00</time>
      </trkpt>
      <trkpt lat="47.73786" lon="18.97003">
        <ele>394</ele>
        <time>2026-08-18T16:01:42+00:00</time>
      </trkpt>
      <trkpt lat="47.73794" lon="18.97035">
        <ele>398</ele>
        <time>2026-08-18T16:01:45+00:00</time>
      </trkpt>
      <trkpt lat="47.73801" lon="18.9705">
        <ele>404</ele>
        <time>2026-08-18T16:01:48+00:00</time>
      </trkpt>
      <trkpt lat="47.7382" lon="18.97086">
        <ele>407</ele>
        <time>2026-08-18T16:01:51+00:00</time>
      </trkpt>
      <trkpt lat="47.73807" lon="18.97116">
        <ele>407</ele>
        <time>2026-08-18T16:01:54+00:00</time>
      </trkpt>
      <trkpt lat="47.73804" lon="18.97134">
        <ele>411</ele>
        <time>2026-08-18T16:01:57+00:00</time>
      </trkpt>
      <trkpt lat="47.73797" lon="18.97155">
        <ele>406</ele>
        <time>2026-08-18T16:02:00+00:00</time>
      </trkpt>
      <trkpt lat="47.73786" lon="18.97175">
        <ele>410</ele>
        <time>2026-08-18T16:02:03+00:00</time>
      </trkpt>
      <trkpt lat="47.73765" lon="18.97206">
        <ele>406</ele>
        <time>2026-08-18T16:02:06+00:00</time>
      </trkpt>
      <trkpt lat="47.73748" lon="18.97238">
        <ele>401</ele>
        <time>2026-08-18T16:02:09+00:00</time>
      </trkpt>
      <trkpt lat="47.73723" lon="18.97287">
        <ele>398</ele>
        <time>2026-08-18T16:02:12+00:00</time>
      </trkpt>
      <trkpt lat="47.73701" lon="18.97338">
        <ele>395</ele>
        <time>2026-08-18T16:02:15+00:00</time>
      </trkpt>
      <trkpt lat="47.73694" lon="18.97349">
        <ele>394</ele>
        <time>2026-08-18T16:02:18+00:00</time>
      </trkpt>
      <trkpt lat="47.73684" lon="18.97362">
        <ele>392</ele>
        <time>2026-08-18T16:02:21+00:00</time>
      </trkpt>
      <trkpt lat="47.73666" lon="18.9738">
        <ele>388</ele>
        <time>2026-08-18T16:02:24+00:00</time>
      </trkpt>
      <trkpt lat="47.73645" lon="18.97437">
        <ele>387</ele>
        <time>2026-08-18T16:02:27+00:00</time>
      </trkpt>
      <trkpt lat="47.73628" lon="18.97465">
        <ele>385</ele>
        <time>2026-08-18T16:02:30+00:00</time>
      </trkpt>
      <trkpt lat="47.73613" lon="18.97484">
        <ele>385</ele>
        <time>2026-08-18T16:02:33+00:00</time>
      </trkpt>
      <trkpt lat="47.73607" lon="18.975">
        <ele>390</ele>
        <time>2026-08-18T16:02:36+00:00</time>
      </trkpt>
      <trkpt lat="47.73596" lon="18.97515">
        <ele>383</ele>
        <time>2026-08-18T16:02:39+00:00</time>
      </trkpt>
      <trkpt lat="47.73576" lon="18.97532">
        <ele>381</ele>
        <time>2026-08-18T16:02:42+00:00</time>
      </trkpt>
      <trkpt lat="47.73555" lon="18.97549">
        <ele>378</ele>
        <time>2026-08-18T16:02:45+00:00</time>
      </trkpt>
      <trkpt lat="47.73535" lon="18.97568">
        <ele>376</ele>
        <time>2026-08-18T16:02:48+00:00</time>
      </trkpt>
      <trkpt lat="47.73513" lon="18.9759">
        <ele>375</ele>
        <time>2026-08-18T16:02:51+00:00</time>
      </trkpt>
      <trkpt lat="47.73498" lon="18.97596">
        <ele>373</ele>
        <time>2026-08-18T16:02:54+00:00</time>
      </trkpt>
      <trkpt lat="47.73478" lon="18.97606">
        <ele>369</ele>
        <time>2026-08-18T16:02:57+00:00</time>
      </trkpt>
      <trkpt lat="47.73447" lon="18.97624">
        <ele>367</ele>
        <time>2026-08-18T16:03:00+00:00</time>
      </trkpt>
      <trkpt lat="47.7343" lon="18.97652">
        <ele>365</ele>
        <time>2026-08-18T16:03:03+00:00</time>
      </trkpt>
      <trkpt lat="47.73414" lon="18.97665">
        <ele>364</ele>
        <time>2026-08-18T16:03:06+00:00</time>
      </trkpt>
      <trkpt lat="47.73382" lon="18.977">
        <ele>362</ele>
        <time>2026-08-18T16:03:09+00:00</time>
      </trkpt>
      <trkpt lat="47.73354" lon="18.97739">
        <ele>360</ele>
        <time>2026-08-18T16:03:12+00:00</time>
      </trkpt>
      <trkpt lat="47.73322" lon="18.97785">
        <ele>360</ele>
        <time>2026-08-18T16:03:15+00:00</time>
      </trkpt>
      <trkpt lat="47.73301" lon="18.97809">
        <ele>360</ele>
        <time>2026-08-18T16:03:18+00:00</time>
      </trkpt>
      <trkpt lat="47.73292" lon="18.97826">
        <ele>359</ele>
        <time>2026-08-18T16:03:21+00:00</time>
      </trkpt>
      <trkpt lat="47.73276" lon="18.97848">
        <ele>360</ele>
        <time>2026-08-18T16:03:24+00:00</time>
      </trkpt>
      <trkpt lat="47.73269" lon="18.97852">
        <ele>360</ele>
        <time>2026-08-18T16:03:27+00:00</time>
      </trkpt>
      <trkpt lat="47.73242" lon="18.97858">
        <ele>360</ele>
        <time>2026-08-18T16:03:30+00:00</time>
      </trkpt>
      <trkpt lat="47.73216" lon="18.97861">
        <ele>360</ele>
        <time>2026-08-18T16:03:33+00:00</time>
      </trkpt>
      <trkpt lat="47.73178" lon="18.97865">
        <ele>360</ele>
        <time>2026-08-18T16:03:36+00:00</time>
      </trkpt>
      <trkpt lat="47.73157" lon="18.97865">
        <ele>361</ele>
        <time>2026-08-18T16:03:39+00:00</time>
      </trkpt>
      <trkpt lat="47.73137" lon="18.97869">
        <ele>364</ele>
        <time>2026-08-18T16:03:42+00:00</time>
      </trkpt>
      <trkpt lat="47.73128" lon="18.97873">
        <ele>360</ele>
        <time>2026-08-18T16:03:45+00:00</time>
      </trkpt>
      <trkpt lat="47.7312" lon="18.97878">
        <ele>361</ele>
        <time>2026-08-18T16:03:48+00:00</time>
      </trkpt>
      <trkpt lat="47.73093" lon="18.97904">
        <ele>364</ele>
        <time>2026-08-18T16:03:51+00:00</time>
      </trkpt>
      <trkpt lat="47.73055" lon="18.97933">
        <ele>366</ele>
        <time>2026-08-18T16:03:54+00:00</time>
      </trkpt>
      <trkpt lat="47.73028" lon="18.97948">
        <ele>368</ele>
        <time>2026-08-18T16:03:57+00:00</time>
      </trkpt>
      <trkpt lat="47.7298" lon="18.97976">
        <ele>369</ele>
        <time>2026-08-18T16:04:00+00:00</time>
      </trkpt>
      <trkpt lat="47.72972" lon="18.9798">
        <ele>368</ele>
        <time>2026-08-18T16:04:03+00:00</time>
      </trkpt>
      <trkpt lat="47.72959" lon="18.97984">
        <ele>370</ele>
        <time>2026-08-18T16:04:06+00:00</time>
      </trkpt>
      <trkpt lat="47.72916" lon="18.97986">
        <ele>372</ele>
        <time>2026-08-18T16:04:09+00:00</time>
      </trkpt>
      <trkpt lat="47.72899" lon="18.97989">
        <ele>370</ele>
        <time>2026-08-18T16:04:12+00:00</time>
      </trkpt>
      <trkpt lat="47.72864" lon="18.98004">
        <ele>373</ele>
        <time>2026-08-18T16:04:15+00:00</time>
      </trkpt>
      <trkpt lat="47.72837" lon="18.98012">
        <ele>373</ele>
        <time>2026-08-18T16:04:18+00:00</time>
      </trkpt>
      <trkpt lat="47.72815" lon="18.98013">
        <ele>373</ele>
        <time>2026-08-18T16:04:21+00:00</time>
      </trkpt>
      <trkpt lat="47.72794" lon="18.98017">
        <ele>373</ele>
        <time>2026-08-18T16:04:24+00:00</time>
      </trkpt>
      <trkpt lat="47.72777" lon="18.98022">
        <ele>371</ele>
        <time>2026-08-18T16:04:27+00:00</time>
      </trkpt>
      <trkpt lat="47.72735" lon="18.98052">
        <ele>373</ele>
        <time>2026-08-18T16:04:30+00:00</time>
      </trkpt>
      <trkpt lat="47.72725" lon="18.9806">
        <ele>376</ele>
        <time>2026-08-18T16:04:33+00:00</time>
      </trkpt>
      <trkpt lat="47.72713" lon="18.98065">
        <ele>373</ele>
        <time>2026-08-18T16:04:36+00:00</time>
      </trkpt>
      <trkpt lat="47.72697" lon="18.98082">
        <ele>373</ele>
        <time>2026-08-18T16:04:39+00:00</time>
      </trkpt>
      <trkpt lat="47.7267" lon="18.98119">
        <ele>373</ele>
        <time>2026-08-18T16:04:42+00:00</time>
      </trkpt>
      <trkpt lat="47.72643" lon="18.98157">
        <ele>372</ele>
        <time>2026-08-18T16:04:45+00:00</time>
      </trkpt>
      <trkpt lat="47.72616" lon="18.98194">
        <ele>372</ele>
        <time>2026-08-18T16:04:48+00:00</time>
      </trkpt>
      <trkpt lat="47.72589" lon="18.98231">
        <ele>371</ele>
        <time>2026-08-18T16:04:51+00:00</time>
      </trkpt>
      <trkpt lat="47.72551" lon="18.98283">
        <ele>370</ele>
        <time>2026-08-18T16:04:54+00:00</time>
      </trkpt>
      <trkpt lat="47.72525" lon="18.9832">
        <ele>370</ele>
        <time>2026-08-18T16:04:57+00:00</time>
      </trkpt>
      <trkpt lat="47.72507" lon="18.98349">
        <ele>370</ele>
        <time>2026-08-18T16:05:00+00:00</time>
      </trkpt>
      <trkpt lat="47.72481" lon="18.9839">
        <ele>369</ele>
        <time>2026-08-18T16:05:03+00:00</time>
      </trkpt>
      <trkpt lat="47.72463" lon="18.98431">
        <ele>369</ele>
        <time>2026-08-18T16:05:06+00:00</time>
      </trkpt>
      <trkpt lat="47.72445" lon="18.98472">
        <ele>368</ele>
        <time>2026-08-18T16:05:09+00:00</time>
      </trkpt>
      <trkpt lat="47.72415" lon="18.98541">
        <ele>364</ele>
        <time>2026-08-18T16:05:12+00:00</time>
      </trkpt>
      <trkpt lat="47.72401" lon="18.98581">
        <ele>362</ele>
        <time>2026-08-18T16:05:15+00:00</time>
      </trkpt>
      <trkpt lat="47.72375" lon="18.98659">
        <ele>361</ele>
        <time>2026-08-18T16:05:18+00:00</time>
      </trkpt>
      <trkpt lat="47.72367" lon="18.98684">
        <ele>360</ele>
        <time>2026-08-18T16:05:21+00:00</time>
      </trkpt>
      <trkpt lat="47.72356" lon="18.98721">
        <ele>360</ele>
        <time>2026-08-18T16:05:24+00:00</time>
      </trkpt>
      <trkpt lat="47.72345" lon="18.98763">
        <ele>359</ele>
        <time>2026-08-18T16:05:27+00:00</time>
      </trkpt>
      <trkpt lat="47.72333" lon="18.98806">
        <ele>358</ele>
        <time>2026-08-18T16:05:30+00:00</time>
      </trkpt>
      <trkpt lat="47.72321" lon="18.98853">
        <ele>358</ele>
        <time>2026-08-18T16:05:33+00:00</time>
      </trkpt>
      <trkpt lat="47.72321" lon="18.98866">
        <ele>362</ele>
        <time>2026-08-18T16:05:36+00:00</time>
      </trkpt>
      <trkpt lat="47.72341" lon="18.98924">
        <ele>358</ele>
        <time>2026-08-18T16:05:39+00:00</time>
      </trkpt>
      <trkpt lat="47.72335" lon="18.98953">
        <ele>359</ele>
        <time>2026-08-18T16:05:42+00:00</time>
      </trkpt>
      <trkpt lat="47.7234" lon="18.98974">
        <ele>361</ele>
        <time>2026-08-18T16:05:45+00:00</time>
      </trkpt>
      <trkpt lat="47.72345" lon="18.98998">
        <ele>359</ele>
        <time>2026-08-18T16:05:48+00:00</time>
      </trkpt>
      <trkpt lat="47.72371" lon="18.99007">
        <ele>360</ele>
        <time>2026-08-18T16:05:51+00:00</time>
      </trkpt>
      <trkpt lat="47.72409" lon="18.99019">
        <ele>362</ele>
        <time>2026-08-18T16:05:54+00:00</time>
      </trkpt>
      <trkpt lat="47.72425" lon="18.99022">
        <ele>363</ele>
        <time>2026-08-18T16:05:57+00:00</time>
      </trkpt>
      <trkpt lat="47.72445" lon="18.99061">
        <ele>368</ele>
        <time>2026-08-18T16:06:00+00:00</time>
      </trkpt>
      <trkpt lat="47.72455" lon="18.99086">
        <ele>371</ele>
        <time>2026-08-18T16:06:03+00:00</time>
      </trkpt>
      <trkpt lat="47.72462" lon="18.99106">
        <ele>373</ele>
        <time>2026-08-18T16:06:06+00:00</time>
      </trkpt>
      <trkpt lat="47.72461" lon="18.99133">
        <ele>380</ele>
        <time>2026-08-18T16:06:09+00:00</time>
      </trkpt>
      <trkpt lat="47.72456" lon="18.99154">
        <ele>377</ele>
        <time>2026-08-18T16:06:12+00:00</time>
      </trkpt>
      <trkpt lat="47.72442" lon="18.9919">
        <ele>396</ele>
        <time>2026-08-18T16:06:15+00:00</time>
      </trkpt>
      <trkpt lat="47.72465" lon="18.99207">
        <ele>401</ele>
        <time>2026-08-18T16:06:18+00:00</time>
      </trkpt>
      <trkpt lat="47.72497" lon="18.99229">
        <ele>408</ele>
        <time>2026-08-18T16:06:21+00:00</time>
      </trkpt>
      <trkpt lat="47.72525" lon="18.99248">
        <ele>415</ele>
        <time>2026-08-18T16:06:24+00:00</time>
      </trkpt>
      <trkpt lat="47.72558" lon="18.99242">
        <ele>417</ele>
        <time>2026-08-18T16:06:27+00:00</time>
      </trkpt>
      <trkpt lat="47.72585" lon="18.99254">
        <ele>420</ele>
        <time>2026-08-18T16:06:30+00:00</time>
      </trkpt>
      <trkpt lat="47.72624" lon="18.99277">
        <ele>424</ele>
        <time>2026-08-18T16:06:33+00:00</time>
      </trkpt>
      <trkpt lat="47.72659" lon="18.99302">
        <ele>430</ele>
        <time>2026-08-18T16:06:36+00:00</time>
      </trkpt>
      <trkpt lat="47.72678" lon="18.99331">
        <ele>437</ele>
        <time>2026-08-18T16:06:39+00:00</time>
      </trkpt>
      <trkpt lat="47.72695" lon="18.99381">
        <ele>445</ele>
        <time>2026-08-18T16:06:42+00:00</time>
      </trkpt>
      <trkpt lat="47.72695" lon="18.99404">
        <ele>436</ele>
        <time>2026-08-18T16:06:45+00:00</time>
      </trkpt>
      <trkpt lat="47.72698" lon="18.9942">
        <ele>452</ele>
        <time>2026-08-18T16:06:48+00:00</time>
      </trkpt>
      <trkpt lat="47.72717" lon="18.99449">
        <ele>452</ele>
        <time>2026-08-18T16:06:51+00:00</time>
      </trkpt>
      <trkpt lat="47.72751" lon="18.99481">
        <ele>454</ele>
        <time>2026-08-18T16:06:54+00:00</time>
      </trkpt>
      <trkpt lat="47.72759" lon="18.99513">
        <ele>460</ele>
        <time>2026-08-18T16:06:57+00:00</time>
      </trkpt>
      <trkpt lat="47.72756" lon="18.99535">
        <ele>442</ele>
        <time>2026-08-18T16:07:00+00:00</time>
      </trkpt>
      <trkpt lat="47.72723" lon="18.99577">
        <ele>476</ele>
        <time>2026-08-18T16:07:03+00:00</time>
      </trkpt>
      <trkpt lat="47.7271" lon="18.99604">
        <ele>481</ele>
        <time>2026-08-18T16:07:06+00:00</time>
      </trkpt>
      <trkpt lat="47.72704" lon="18.99633">
        <ele>484</ele>
        <time>2026-08-18T16:07:09+00:00</time>
      </trkpt>
      <trkpt lat="47.72701" lon="18.9969">
        <ele>486</ele>
        <time>2026-08-18T16:07:12+00:00</time>
      </trkpt>
      <trkpt lat="47.72705" lon="18.9973">
        <ele>490</ele>
        <time>2026-08-18T16:07:15+00:00</time>
      </trkpt>
      <trkpt lat="47.72712" lon="18.99791">
        <ele>490</ele>
        <time>2026-08-18T16:07:18+00:00</time>
      </trkpt>
      <trkpt lat="47.7272" lon="18.99828">
        <ele>490</ele>
        <time>2026-08-18T16:07:21+00:00</time>
      </trkpt>
      <trkpt lat="47.72732" lon="18.99881">
        <ele>491</ele>
        <time>2026-08-18T16:07:24+00:00</time>
      </trkpt>
      <trkpt lat="47.72743" lon="18.99921">
        <ele>493</ele>
        <time>2026-08-18T16:07:27+00:00</time>
      </trkpt>
      <trkpt lat="47.72761" lon="18.9999">
        <ele>495</ele>
        <time>2026-08-18T16:07:30+00:00</time>
      </trkpt>
      <trkpt lat="47.72765" lon="19.00036">
        <ele>497</ele>
        <time>2026-08-18T16:07:33+00:00</time>
      </trkpt>
      <trkpt lat="47.72769" lon="19.00082">
        <ele>502</ele>
        <time>2026-08-18T16:07:36+00:00</time>
      </trkpt>
      <trkpt lat="47.72774" lon="19.0014">
        <ele>504</ele>
        <time>2026-08-18T16:07:39+00:00</time>
      </trkpt>
      <trkpt lat="47.72782" lon="19.00177">
        <ele>504</ele>
        <time>2026-08-18T16:07:42+00:00</time>
      </trkpt>
      <trkpt lat="47.72794" lon="19.00227">
        <ele>506</ele>
        <time>2026-08-18T16:07:45+00:00</time>
      </trkpt>
      <trkpt lat="47.72798" lon="19.00263">
        <ele>509</ele>
        <time>2026-08-18T16:07:48+00:00</time>
      </trkpt>
      <trkpt lat="47.72803" lon="19.00308">
        <ele>512</ele>
        <time>2026-08-18T16:07:51+00:00</time>
      </trkpt>
      <trkpt lat="47.72817" lon="19.00366">
        <ele>519</ele>
        <time>2026-08-18T16:07:54+00:00</time>
      </trkpt>
      <trkpt lat="47.72836" lon="19.00395">
        <ele>524</ele>
        <time>2026-08-18T16:07:57+00:00</time>
      </trkpt>
      <trkpt lat="47.72867" lon="19.00441">
        <ele>534</ele>
        <time>2026-08-18T16:08:00+00:00</time>
      </trkpt>
      <trkpt lat="47.72889" lon="19.00482">
        <ele>537</ele>
        <time>2026-08-18T16:08:03+00:00</time>
      </trkpt>
      <trkpt lat="47.72903" lon="19.00541">
        <ele>539</ele>
        <time>2026-08-18T16:08:06+00:00</time>
      </trkpt>
      <trkpt lat="47.72914" lon="19.00573">
        <ele>536</ele>
        <time>2026-08-18T16:08:09+00:00</time>
      </trkpt>
      <trkpt lat="47.72926" lon="19.00608">
        <ele>534</ele>
        <time>2026-08-18T16:08:12+00:00</time>
      </trkpt>
      <trkpt lat="47.72931" lon="19.00618">
        <ele>530</ele>
        <time>2026-08-18T16:08:15+00:00</time>
      </trkpt>
      <trkpt lat="47.7293" lon="19.00633">
        <ele>534</ele>
        <time>2026-08-18T16:08:18+00:00</time>
      </trkpt>
      <trkpt lat="47.72933" lon="19.00673">
        <ele>532</ele>
        <time>2026-08-18T16:08:21+00:00</time>
      </trkpt>
      <trkpt lat="47.72931" lon="19.00689">
        <ele>529</ele>
        <time>2026-08-18T16:08:24+00:00</time>
      </trkpt>
      <trkpt lat="47.72991" lon="19.00863">
        <ele>532</ele>
        <time>2026-08-18T16:08:27+00:00</time>
      </trkpt>
      <trkpt lat="47.73004" lon="19.00901">
        <ele>533</ele>
        <time>2026-08-18T16:08:30+00:00</time>
      </trkpt>
      <trkpt lat="47.73028" lon="19.00968">
        <ele>532</ele>
        <time>2026-08-18T16:08:33+00:00</time>
      </trkpt>
      <trkpt lat="47.73033" lon="19.00984">
        <ele>534</ele>
        <time>2026-08-18T16:08:36+00:00</time>
      </trkpt>
      <trkpt lat="47.7307" lon="19.01141">
        <ele>532</ele>
        <time>2026-08-18T16:08:39+00:00</time>
      </trkpt>
      <trkpt lat="47.7308" lon="19.01188">
        <ele>532</ele>
        <time>2026-08-18T16:08:42+00:00</time>
      </trkpt>
      <trkpt lat="47.7309" lon="19.01235">
        <ele>532</ele>
        <time>2026-08-18T16:08:45+00:00</time>
      </trkpt>
      <trkpt lat="47.73108" lon="19.01319">
        <ele>534</ele>
        <time>2026-08-18T16:08:48+00:00</time>
      </trkpt>
      <trkpt lat="47.73124" lon="19.01345">
        <ele>535</ele>
        <time>2026-08-18T16:08:51+00:00</time>
      </trkpt>
      <trkpt lat="47.73141" lon="19.01374">
        <ele>543</ele>
        <time>2026-08-18T16:08:54+00:00</time>
      </trkpt>
      <trkpt lat="47.73161" lon="19.014">
        <ele>545</ele>
        <time>2026-08-18T16:08:57+00:00</time>
      </trkpt>
      <trkpt lat="47.73182" lon="19.01417">
        <ele>550</ele>
        <time>2026-08-18T16:09:00+00:00</time>
      </trkpt>
      <trkpt lat="47.73213" lon="19.01439">
        <ele>562</ele>
        <time>2026-08-18T16:09:03+00:00</time>
      </trkpt>
      <trkpt lat="47.73237" lon="19.01441">
        <ele>559</ele>
        <time>2026-08-18T16:09:06+00:00</time>
      </trkpt>
      <trkpt lat="47.73275" lon="19.01443">
        <ele>557</ele>
        <time>2026-08-18T16:09:09+00:00</time>
      </trkpt>
      <trkpt lat="47.73314" lon="19.01443">
        <ele>555</ele>
        <time>2026-08-18T16:09:12+00:00</time>
      </trkpt>
      <trkpt lat="47.73339" lon="19.01432">
        <ele>549</ele>
        <time>2026-08-18T16:09:15+00:00</time>
      </trkpt>
      <trkpt lat="47.73372" lon="19.01417">
        <ele>541</ele>
        <time>2026-08-18T16:09:18+00:00</time>
      </trkpt>
      <trkpt lat="47.73386" lon="19.01388">
        <ele>541</ele>
        <time>2026-08-18T16:09:21+00:00</time>
      </trkpt>
      <trkpt lat="47.73403" lon="19.01354">
        <ele>537</ele>
        <time>2026-08-18T16:09:24+00:00</time>
      </trkpt>
      <trkpt lat="47.73425" lon="19.01327">
        <ele>535</ele>
        <time>2026-08-18T16:09:27+00:00</time>
      </trkpt>
      <trkpt lat="47.73465" lon="19.0131">
        <ele>525</ele>
        <time>2026-08-18T16:09:30+00:00</time>
      </trkpt>
      <trkpt lat="47.73488" lon="19.01297">
        <ele>522</ele>
        <time>2026-08-18T16:09:33+00:00</time>
      </trkpt>
      <trkpt lat="47.73518" lon="19.0128">
        <ele>517</ele>
        <time>2026-08-18T16:09:36+00:00</time>
      </trkpt>
      <trkpt lat="47.73552" lon="19.01248">
        <ele>512</ele>
        <time>2026-08-18T16:09:39+00:00</time>
      </trkpt>
      <trkpt lat="47.73584" lon="19.01237">
        <ele>507</ele>
        <time>2026-08-18T16:09:42+00:00</time>
      </trkpt>
      <trkpt lat="47.73614" lon="19.01232">
        <ele>501</ele>
        <time>2026-08-18T16:09:45+00:00</time>
      </trkpt>
      <trkpt lat="47.73646" lon="19.01224">
        <ele>496</ele>
        <time>2026-08-18T16:09:48+00:00</time>
      </trkpt>
      <trkpt lat="47.73679" lon="19.01217">
        <ele>492</ele>
        <time>2026-08-18T16:09:51+00:00</time>
      </trkpt>
      <trkpt lat="47.73733" lon="19.01204">
        <ele>485</ele>
        <time>2026-08-18T16:09:54+00:00</time>
      </trkpt>
      <trkpt lat="47.7376" lon="19.01204">
        <ele>481</ele>
        <time>2026-08-18T16:09:57+00:00</time>
      </trkpt>
      <trkpt lat="47.73765" lon="19.01213">
        <ele>479</ele>
        <time>2026-08-18T16:10:00+00:00</time>
      </trkpt>
      <trkpt lat="47.73795" lon="19.0122">
        <ele>480</ele>
        <time>2026-08-18T16:10:03+00:00</time>
      </trkpt>
      <trkpt lat="47.73816" lon="19.01224">
        <ele>480</ele>
        <time>2026-08-18T16:10:06+00:00</time>
      </trkpt>
      <trkpt lat="47.7383" lon="19.01224">
        <ele>479</ele>
        <time>2026-08-18T16:10:09+00:00</time>
      </trkpt>
      <trkpt lat="47.73833" lon="19.01228">
        <ele>479</ele>
        <time>2026-08-18T16:10:12+00:00</time>
      </trkpt>
      <trkpt lat="47.73835" lon="19.01236">
        <ele>481</ele>
        <time>2026-08-18T16:10:15+00:00</time>
      </trkpt>
      <trkpt lat="47.73835" lon="19.01242">
        <ele>477</ele>
        <time>2026-08-18T16:10:18+00:00</time>
      </trkpt>
      <trkpt lat="47.73833" lon="19.01253">
        <ele>475</ele>
        <time>2026-08-18T16:10:21+00:00</time>
      </trkpt>
      <trkpt lat="47.73837" lon="19.01247">
        <ele>476</ele>
        <time>2026-08-18T16:10:24+00:00</time>
      </trkpt>
      <trkpt lat="47.73868" lon="19.01296">
        <ele>482</ele>
        <time>2026-08-18T16:10:27+00:00</time>
      </trkpt>
      <trkpt lat="47.7388" lon="19.01313">
        <ele>477</ele>
        <time>2026-08-18T16:10:30+00:00</time>
      </trkpt>
      <trkpt lat="47.73884" lon="19.01327">
        <ele>485</ele>
        <time>2026-08-18T16:10:33+00:00</time>
      </trkpt>
      <trkpt lat="47.73885" lon="19.01374">
        <ele>487</ele>
        <time>2026-08-18T16:10:36+00:00</time>
      </trkpt>
      <trkpt lat="47.73886" lon="19.01422">
        <ele>489</ele>
        <time>2026-08-18T16:10:39+00:00</time>
      </trkpt>
      <trkpt lat="47.73887" lon="19.01489">
        <ele>489</ele>
        <time>2026-08-18T16:10:42+00:00</time>
      </trkpt>
      <trkpt lat="47.73879" lon="19.01522">
        <ele>490</ele>
        <time>2026-08-18T16:10:45+00:00</time>
      </trkpt>
      <trkpt lat="47.73871" lon="19.01556">
        <ele>490</ele>
        <time>2026-08-18T16:10:48+00:00</time>
      </trkpt>
      <trkpt lat="47.7387" lon="19.0159">
        <ele>491</ele>
        <time>2026-08-18T16:10:51+00:00</time>
      </trkpt>
      <trkpt lat="47.73875" lon="19.01629">
        <ele>491</ele>
        <time>2026-08-18T16:10:54+00:00</time>
      </trkpt>
      <trkpt lat="47.73882" lon="19.01661">
        <ele>492</ele>
        <time>2026-08-18T16:10:57+00:00</time>
      </trkpt>
      <trkpt lat="47.73889" lon="19.01694">
        <ele>493</ele>
        <time>2026-08-18T16:11:00+00:00</time>
      </trkpt>
      <trkpt lat="47.73899" lon="19.01719">
        <ele>494</ele>
        <time>2026-08-18T16:11:03+00:00</time>
      </trkpt>
      <trkpt lat="47.73906" lon="19.01733">
        <ele>501</ele>
        <time>2026-08-18T16:11:06+00:00</time>
      </trkpt>
      <trkpt lat="47.73914" lon="19.01746">
        <ele>496</ele>
        <time>2026-08-18T16:11:09+00:00</time>
      </trkpt>
      <trkpt lat="47.73929" lon="19.01762">
        <ele>496</ele>
        <time>2026-08-18T16:11:12+00:00</time>
      </trkpt>
      <trkpt lat="47.73945" lon="19.01799">
        <ele>496</ele>
        <time>2026-08-18T16:11:15+00:00</time>
      </trkpt>
      <trkpt lat="47.73977" lon="19.01871">
        <ele>496</ele>
        <time>2026-08-18T16:11:18+00:00</time>
      </trkpt>
      <trkpt lat="47.73989" lon="19.01914">
        <ele>498</ele>
        <time>2026-08-18T16:11:21+00:00</time>
      </trkpt>
      <trkpt lat="47.73998" lon="19.01971">
        <ele>500</ele>
        <time>2026-08-18T16:11:24+00:00</time>
      </trkpt>
      <trkpt lat="47.74004" lon="19.02024">
        <ele>503</ele>
        <time>2026-08-18T16:11:27+00:00</time>
      </trkpt>
      <trkpt lat="47.74002" lon="19.02067">
        <ele>503</ele>
        <time>2026-08-18T16:11:30+00:00</time>
      </trkpt>
      <trkpt lat="47.73999" lon="19.02103">
        <ele>501</ele>
        <time>2026-08-18T16:11:33+00:00</time>
      </trkpt>
      <trkpt lat="47.73996" lon="19.02146">
        <ele>500</ele>
        <time>2026-08-18T16:11:36+00:00</time>
      </trkpt>
      <trkpt lat="47.7399" lon="19.02181">
        <ele>499</ele>
        <time>2026-08-18T16:11:39+00:00</time>
      </trkpt>
      <trkpt lat="47.73984" lon="19.02202">
        <ele>499</ele>
        <time>2026-08-18T16:11:42+00:00</time>
      </trkpt>
      <trkpt lat="47.73973" lon="19.02232">
        <ele>498</ele>
        <time>2026-08-18T16:11:45+00:00</time>
      </trkpt>
      <trkpt lat="47.73966" lon="19.02248">
        <ele>493</ele>
        <time>2026-08-18T16:11:48+00:00</time>
      </trkpt>
      <trkpt lat="47.73961" lon="19.02263">
        <ele>497</ele>
        <time>2026-08-18T16:11:51+00:00</time>
      </trkpt>
      <trkpt lat="47.7395" lon="19.02313">
        <ele>496</ele>
        <time>2026-08-18T16:11:54+00:00</time>
      </trkpt>
      <trkpt lat="47.73945" lon="19.02325">
        <ele>494</ele>
        <time>2026-08-18T16:11:57+00:00</time>
      </trkpt>
      <trkpt lat="47.73913" lon="19.02382">
        <ele>495</ele>
        <time>2026-08-18T16:12:00+00:00</time>
      </trkpt>
      <trkpt lat="47.73893" lon="19.02426">
        <ele>494</ele>
        <time>2026-08-18T16:12:03+00:00</time>
      </trkpt>
      <trkpt lat="47.73877" lon="19.02466">
        <ele>494</ele>
        <time>2026-08-18T16:12:06+00:00</time>
      </trkpt>
      <trkpt lat="47.73875" lon="19.02504">
        <ele>494</ele>
        <time>2026-08-18T16:12:09+00:00</time>
      </trkpt>
      <trkpt lat="47.73876" lon="19.02539">
        <ele>494</ele>
        <time>2026-08-18T16:12:12+00:00</time>
      </trkpt>
      <trkpt lat="47.73878" lon="19.02576">
        <ele>494</ele>
        <time>2026-08-18T16:12:15+00:00</time>
      </trkpt>
      <trkpt lat="47.73878" lon="19.02627">
        <ele>494</ele>
        <time>2026-08-18T16:12:18+00:00</time>
      </trkpt>
      <trkpt lat="47.73878" lon="19.02679">
        <ele>496</ele>
        <time>2026-08-18T16:12:21+00:00</time>
      </trkpt>
      <trkpt lat="47.73879" lon="19.0273">
        <ele>499</ele>
        <time>2026-08-18T16:12:24+00:00</time>
      </trkpt>
      <trkpt lat="47.73879" lon="19.02795">
        <ele>502</ele>
        <time>2026-08-18T16:12:27+00:00</time>
      </trkpt>
      <trkpt lat="47.7388" lon="19.02828">
        <ele>503</ele>
        <time>2026-08-18T16:12:30+00:00</time>
      </trkpt>
      <trkpt lat="47.73881" lon="19.02837">
        <ele>505</ele>
        <time>2026-08-18T16:12:33+00:00</time>
      </trkpt>
      <trkpt lat="47.73883" lon="19.02844">
        <ele>505</ele>
        <time>2026-08-18T16:12:36+00:00</time>
      </trkpt>
      <trkpt lat="47.73888" lon="19.02856">
        <ele>505</ele>
        <time>2026-08-18T16:12:39+00:00</time>
      </trkpt>
      <trkpt lat="47.73903" lon="19.02881">
        <ele>507</ele>
        <time>2026-08-18T16:12:42+00:00</time>
      </trkpt>
      <trkpt lat="47.73909" lon="19.02893">
        <ele>509</ele>
        <time>2026-08-18T16:12:45+00:00</time>
      </trkpt>
      <trkpt lat="47.73919" lon="19.02919">
        <ele>510</ele>
        <time>2026-08-18T16:12:48+00:00</time>
      </trkpt>
      <trkpt lat="47.73923" lon="19.02931">
        <ele>513</ele>
        <time>2026-08-18T16:12:51+00:00</time>
      </trkpt>
      <trkpt lat="47.73934" lon="19.02952">
        <ele>514</ele>
        <time>2026-08-18T16:12:54+00:00</time>
      </trkpt>
      <trkpt lat="47.7394" lon="19.02961">
        <ele>519</ele>
        <time>2026-08-18T16:12:57+00:00</time>
      </trkpt>
      <trkpt lat="47.7395" lon="19.02983">
        <ele>516</ele>
        <time>2026-08-18T16:13:00+00:00</time>
      </trkpt>
      <trkpt lat="47.73962" lon="19.03019">
        <ele>520</ele>
        <time>2026-08-18T16:13:03+00:00</time>
      </trkpt>
      <trkpt lat="47.73964" lon="19.03032">
        <ele>519</ele>
        <time>2026-08-18T16:13:06+00:00</time>
      </trkpt>
      <trkpt lat="47.73964" lon="19.03038">
        <ele>518</ele>
        <time>2026-08-18T16:13:09+00:00</time>
      </trkpt>
      <trkpt lat="47.73968" lon="19.03062">
        <ele>522</ele>
        <time>2026-08-18T16:13:12+00:00</time>
      </trkpt>
      <trkpt lat="47.73971" lon="19.03074">
        <ele>518</ele>
        <time>2026-08-18T16:13:15+00:00</time>
      </trkpt>
      <trkpt lat="47.73976" lon="19.03086">
        <ele>519</ele>
        <time>2026-08-18T16:13:18+00:00</time>
      </trkpt>
      <trkpt lat="47.73983" lon="19.031">
        <ele>526</ele>
        <time>2026-08-18T16:13:21+00:00</time>
      </trkpt>
      <trkpt lat="47.73995" lon="19.0312">
        <ele>525</ele>
        <time>2026-08-18T16:13:24+00:00</time>
      </trkpt>
      <trkpt lat="47.73998" lon="19.03128">
        <ele>528</ele>
        <time>2026-08-18T16:13:27+00:00</time>
      </trkpt>
      <trkpt lat="47.74001" lon="19.03137">
        <ele>528</ele>
        <time>2026-08-18T16:13:30+00:00</time>
      </trkpt>
      <trkpt lat="47.74004" lon="19.03151">
        <ele>529</ele>
        <time>2026-08-18T16:13:33+00:00</time>
      </trkpt>
      <trkpt lat="47.74008" lon="19.03174">
        <ele>532</ele>
        <time>2026-08-18T16:13:36+00:00</time>
      </trkpt>
      <trkpt lat="47.74012" lon="19.03185">
        <ele>533</ele>
        <time>2026-08-18T16:13:39+00:00</time>
      </trkpt>
      <trkpt lat="47.74015" lon="19.03189">
        <ele>533</ele>
        <time>2026-08-18T16:13:42+00:00</time>
      </trkpt>
      <trkpt lat="47.74021" lon="19.03201">
        <ele>535</ele>
        <time>2026-08-18T16:13:45+00:00</time>
      </trkpt>
      <trkpt lat="47.74031" lon="19.03232">
        <ele>536</ele>
        <time>2026-08-18T16:13:48+00:00</time>
      </trkpt>
      <trkpt lat="47.74041" lon="19.03263">
        <ele>538</ele>
        <time>2026-08-18T16:13:51+00:00</time>
      </trkpt>
      <trkpt lat="47.74055" lon="19.03309">
        <ele>539</ele>
        <time>2026-08-18T16:13:54+00:00</time>
      </trkpt>
      <trkpt lat="47.74059" lon="19.03324">
        <ele>545</ele>
        <time>2026-08-18T16:13:57+00:00</time>
      </trkpt>
      <trkpt lat="47.74063" lon="19.03335">
        <ele>541</ele>
        <time>2026-08-18T16:14:00+00:00</time>
      </trkpt>
      <trkpt lat="47.74068" lon="19.03346">
        <ele>547</ele>
        <time>2026-08-18T16:14:03+00:00</time>
      </trkpt>
      <trkpt lat="47.74075" lon="19.03365">
        <ele>543</ele>
        <time>2026-08-18T16:14:06+00:00</time>
      </trkpt>
      <trkpt lat="47.7408" lon="19.03385">
        <ele>548</ele>
        <time>2026-08-18T16:14:09+00:00</time>
      </trkpt>
      <trkpt lat="47.74083" lon="19.03411">
        <ele>546</ele>
        <time>2026-08-18T16:14:12+00:00</time>
      </trkpt>
      <trkpt lat="47.74084" lon="19.03438">
        <ele>546</ele>
        <time>2026-08-18T16:14:15+00:00</time>
      </trkpt>
      <trkpt lat="47.74083" lon="19.0347">
        <ele>547</ele>
        <time>2026-08-18T16:14:18+00:00</time>
      </trkpt>
      <trkpt lat="47.74086" lon="19.03523">
        <ele>548</ele>
        <time>2026-08-18T16:14:21+00:00</time>
      </trkpt>
      <trkpt lat="47.74089" lon="19.03542">
        <ele>549</ele>
        <time>2026-08-18T16:14:24+00:00</time>
      </trkpt>
      <trkpt lat="47.74099" lon="19.03582">
        <ele>548</ele>
        <time>2026-08-18T16:14:27+00:00</time>
      </trkpt>
      <trkpt lat="47.74101" lon="19.03596">
        <ele>547</ele>
        <time>2026-08-18T16:14:30+00:00</time>
      </trkpt>
      <trkpt lat="47.74101" lon="19.03608">
        <ele>546</ele>
        <time>2026-08-18T16:14:33+00:00</time>
      </trkpt>
      <trkpt lat="47.74099" lon="19.0364">
        <ele>547</ele>
        <time>2026-08-18T16:14:36+00:00</time>
      </trkpt>
      <trkpt lat="47.74097" lon="19.03653">
        <ele>544</ele>
        <time>2026-08-18T16:14:39+00:00</time>
      </trkpt>
      <trkpt lat="47.74094" lon="19.03665">
        <ele>544</ele>
        <time>2026-08-18T16:14:42+00:00</time>
      </trkpt>
      <trkpt lat="47.74093" lon="19.0368">
        <ele>547</ele>
        <time>2026-08-18T16:14:45+00:00</time>
      </trkpt>
      <trkpt lat="47.74093" lon="19.03695">
        <ele>545</ele>
        <time>2026-08-18T16:14:48+00:00</time>
      </trkpt>
      <trkpt lat="47.74096" lon="19.03709">
        <ele>546</ele>
        <time>2026-08-18T16:14:51+00:00</time>
      </trkpt>
      <trkpt lat="47.74099" lon="19.03729">
        <ele>546</ele>
        <time>2026-08-18T16:14:54+00:00</time>
      </trkpt>
      <trkpt lat="47.74102" lon="19.03755">
        <ele>546</ele>
        <time>2026-08-18T16:14:57+00:00</time>
      </trkpt>
      <trkpt lat="47.74103" lon="19.03777">
        <ele>546</ele>
        <time>2026-08-18T16:15:00+00:00</time>
      </trkpt>
      <trkpt lat="47.74105" lon="19.03798">
        <ele>545</ele>
        <time>2026-08-18T16:15:03+00:00</time>
      </trkpt>
      <trkpt lat="47.74111" lon="19.03844">
        <ele>544</ele>
        <time>2026-08-18T16:15:06+00:00</time>
      </trkpt>
      <trkpt lat="47.74116" lon="19.03877">
        <ele>543</ele>
        <time>2026-08-18T16:15:09+00:00</time>
      </trkpt>
      <trkpt lat="47.74121" lon="19.03912">
        <ele>543</ele>
        <time>2026-08-18T16:15:12+00:00</time>
      </trkpt>
      <trkpt lat="47.74131" lon="19.03962">
        <ele>542</ele>
        <time>2026-08-18T16:15:15+00:00</time>
      </trkpt>
      <trkpt lat="47.74147" lon="19.04025">
        <ele>541</ele>
        <time>2026-08-18T16:15:18+00:00</time>
      </trkpt>
      <trkpt lat="47.74152" lon="19.0404">
        <ele>540</ele>
        <time>2026-08-18T16:15:21+00:00</time>
      </trkpt>
      <trkpt lat="47.74152" lon="19.04047">
        <ele>540</ele>
        <time>2026-08-18T16:15:24+00:00</time>
      </trkpt>
      <trkpt lat="47.74151" lon="19.04052">
        <ele>539</ele>
        <time>2026-08-18T16:15:27+00:00</time>
      </trkpt>
      <trkpt lat="47.74151" lon="19.0406">
        <ele>539</ele>
        <time>2026-08-18T16:15:30+00:00</time>
      </trkpt>
      <trkpt lat="47.74146" lon="19.04077">
        <ele>538</ele>
        <time>2026-08-18T16:15:33+00:00</time>
      </trkpt>
      <trkpt lat="47.74141" lon="19.04099">
        <ele>537</ele>
        <time>2026-08-18T16:15:36+00:00</time>
      </trkpt>
      <trkpt lat="47.7414" lon="19.04111">
        <ele>536</ele>
        <time>2026-08-18T16:15:39+00:00</time>
      </trkpt>
      <trkpt lat="47.74141" lon="19.04123">
        <ele>536</ele>
        <time>2026-08-18T16:15:42+00:00</time>
      </trkpt>
      <trkpt lat="47.7414" lon="19.04137">
        <ele>535</ele>
        <time>2026-08-18T16:15:45+00:00</time>
      </trkpt>
      <trkpt lat="47.74137" lon="19.04148">
        <ele>535</ele>
        <time>2026-08-18T16:15:48+00:00</time>
      </trkpt>
      <trkpt lat="47.74133" lon="19.04158">
        <ele>535</ele>
        <time>2026-08-18T16:15:51+00:00</time>
      </trkpt>
      <trkpt lat="47.74129" lon="19.04165">
        <ele>534</ele>
        <time>2026-08-18T16:15:54+00:00</time>
      </trkpt>
      <trkpt lat="47.74119" lon="19.04178">
        <ele>534</ele>
        <time>2026-08-18T16:15:57+00:00</time>
      </trkpt>
      <trkpt lat="47.74101" lon="19.04221">
        <ele>534</ele>
        <time>2026-08-18T16:16:00+00:00</time>
      </trkpt>
      <trkpt lat="47.74096" lon="19.04228">
        <ele>528</ele>
        <time>2026-08-18T16:16:03+00:00</time>
      </trkpt>
      <trkpt lat="47.74093" lon="19.04231">
        <ele>528</ele>
        <time>2026-08-18T16:16:06+00:00</time>
      </trkpt>
      <trkpt lat="47.74088" lon="19.04232">
        <ele>528</ele>
        <time>2026-08-18T16:16:09+00:00</time>
      </trkpt>
      <trkpt lat="47.74084" lon="19.04227">
        <ele>534</ele>
        <time>2026-08-18T16:16:12+00:00</time>
      </trkpt>
      <trkpt lat="47.74068" lon="19.04196">
        <ele>536</ele>
        <time>2026-08-18T16:16:15+00:00</time>
      </trkpt>
      <trkpt lat="47.74061" lon="19.04185">
        <ele>535</ele>
        <time>2026-08-18T16:16:18+00:00</time>
      </trkpt>
      <trkpt lat="47.7405" lon="19.04172">
        <ele>537</ele>
        <time>2026-08-18T16:16:21+00:00</time>
      </trkpt>
      <trkpt lat="47.74042" lon="19.04173">
        <ele>540</ele>
        <time>2026-08-18T16:16:24+00:00</time>
      </trkpt>
      <trkpt lat="47.74037" lon="19.04177">
        <ele>541</ele>
        <time>2026-08-18T16:16:27+00:00</time>
      </trkpt>
      <trkpt lat="47.74031" lon="19.04183">
        <ele>538</ele>
        <time>2026-08-18T16:16:30+00:00</time>
      </trkpt>
      <trkpt lat="47.74023" lon="19.04196">
        <ele>541</ele>
        <time>2026-08-18T16:16:33+00:00</time>
      </trkpt>
      <trkpt lat="47.74013" lon="19.04203">
        <ele>540</ele>
        <time>2026-08-18T16:16:36+00:00</time>
      </trkpt>
      <trkpt lat="47.74005" lon="19.04206">
        <ele>542</ele>
        <time>2026-08-18T16:16:39+00:00</time>
      </trkpt>
      <trkpt lat="47.73996" lon="19.04206">
        <ele>543</ele>
        <time>2026-08-18T16:16:42+00:00</time>
      </trkpt>
      <trkpt lat="47.73991" lon="19.04207">
        <ele>541</ele>
        <time>2026-08-18T16:16:45+00:00</time>
      </trkpt>
      <trkpt lat="47.73984" lon="19.0421">
        <ele>544</ele>
        <time>2026-08-18T16:16:48+00:00</time>
      </trkpt>
      <trkpt lat="47.73978" lon="19.04216">
        <ele>545</ele>
        <time>2026-08-18T16:16:51+00:00</time>
      </trkpt>
      <trkpt lat="47.73972" lon="19.04226">
        <ele>543</ele>
        <time>2026-08-18T16:16:54+00:00</time>
      </trkpt>
      <trkpt lat="47.73957" lon="19.04252">
        <ele>544</ele>
        <time>2026-08-18T16:16:57+00:00</time>
      </trkpt>
      <trkpt lat="47.73942" lon="19.04279">
        <ele>545</ele>
        <time>2026-08-18T16:17:00+00:00</time>
      </trkpt>
      <trkpt lat="47.73933" lon="19.04296">
        <ele>550</ele>
        <time>2026-08-18T16:17:03+00:00</time>
      </trkpt>
      <trkpt lat="47.73926" lon="19.04314">
        <ele>547</ele>
        <time>2026-08-18T16:17:06+00:00</time>
      </trkpt>
      <trkpt lat="47.73917" lon="19.04353">
        <ele>548</ele>
        <time>2026-08-18T16:17:09+00:00</time>
      </trkpt>
      <trkpt lat="47.73914" lon="19.0437">
        <ele>553</ele>
        <time>2026-08-18T16:17:12+00:00</time>
      </trkpt>
      <trkpt lat="47.7391" lon="19.04383">
        <ele>548</ele>
        <time>2026-08-18T16:17:15+00:00</time>
      </trkpt>
      <trkpt lat="47.73901" lon="19.04407">
        <ele>548</ele>
        <time>2026-08-18T16:17:18+00:00</time>
      </trkpt>
      <trkpt lat="47.73898" lon="19.04428">
        <ele>555</ele>
        <time>2026-08-18T16:17:21+00:00</time>
      </trkpt>
      <trkpt lat="47.73895" lon="19.04439">
        <ele>548</ele>
        <time>2026-08-18T16:17:24+00:00</time>
      </trkpt>
      <trkpt lat="47.73883" lon="19.04472">
        <ele>548</ele>
        <time>2026-08-18T16:17:27+00:00</time>
      </trkpt>
      <trkpt lat="47.73873" lon="19.04494">
        <ele>556</ele>
        <time>2026-08-18T16:17:30+00:00</time>
      </trkpt>
      <trkpt lat="47.73867" lon="19.04502">
        <ele>548</ele>
        <time>2026-08-18T16:17:33+00:00</time>
      </trkpt>
      <trkpt lat="47.73856" lon="19.04519">
        <ele>557</ele>
        <time>2026-08-18T16:17:36+00:00</time>
      </trkpt>
      <trkpt lat="47.73846" lon="19.04537">
        <ele>548</ele>
        <time>2026-08-18T16:17:39+00:00</time>
      </trkpt>
      <trkpt lat="47.73838" lon="19.04555">
        <ele>556</ele>
        <time>2026-08-18T16:17:42+00:00</time>
      </trkpt>
      <trkpt lat="47.73826" lon="19.04589">
        <ele>549</ele>
        <time>2026-08-18T16:17:45+00:00</time>
      </trkpt>
      <trkpt lat="47.73819" lon="19.046">
        <ele>557</ele>
        <time>2026-08-18T16:17:48+00:00</time>
      </trkpt>
      <trkpt lat="47.73811" lon="19.04607">
        <ele>549</ele>
        <time>2026-08-18T16:17:51+00:00</time>
      </trkpt>
      <trkpt lat="47.73802" lon="19.04612">
        <ele>556</ele>
        <time>2026-08-18T16:17:54+00:00</time>
      </trkpt>
      <trkpt lat="47.73794" lon="19.04615">
        <ele>555</ele>
        <time>2026-08-18T16:17:57+00:00</time>
      </trkpt>
      <trkpt lat="47.73789" lon="19.04618">
        <ele>547</ele>
        <time>2026-08-18T16:18:00+00:00</time>
      </trkpt>
      <trkpt lat="47.73784" lon="19.04622">
        <ele>554</ele>
        <time>2026-08-18T16:18:03+00:00</time>
      </trkpt>
      <trkpt lat="47.73777" lon="19.0463">
        <ele>554</ele>
        <time>2026-08-18T16:18:06+00:00</time>
      </trkpt>
      <trkpt lat="47.7377" lon="19.04641">
        <ele>547</ele>
        <time>2026-08-18T16:18:09+00:00</time>
      </trkpt>
      <trkpt lat="47.73764" lon="19.04653">
        <ele>554</ele>
        <time>2026-08-18T16:18:12+00:00</time>
      </trkpt>
      <trkpt lat="47.73759" lon="19.04669">
        <ele>547</ele>
        <time>2026-08-18T16:18:15+00:00</time>
      </trkpt>
      <trkpt lat="47.73755" lon="19.04688">
        <ele>552</ele>
        <time>2026-08-18T16:18:18+00:00</time>
      </trkpt>
      <trkpt lat="47.73746" lon="19.04709">
        <ele>547</ele>
        <time>2026-08-18T16:18:21+00:00</time>
      </trkpt>
      <trkpt lat="47.73742" lon="19.04716">
        <ele>551</ele>
        <time>2026-08-18T16:18:24+00:00</time>
      </trkpt>
      <trkpt lat="47.73738" lon="19.04725">
        <ele>550</ele>
        <time>2026-08-18T16:18:27+00:00</time>
      </trkpt>
      <trkpt lat="47.73736" lon="19.04731">
        <ele>550</ele>
        <time>2026-08-18T16:18:30+00:00</time>
      </trkpt>
      <trkpt lat="47.73732" lon="19.04736">
        <ele>546</ele>
        <time>2026-08-18T16:18:33+00:00</time>
      </trkpt>
      <trkpt lat="47.7372" lon="19.04762">
        <ele>546</ele>
        <time>2026-08-18T16:18:36+00:00</time>
      </trkpt>
      <trkpt lat="47.73705" lon="19.04806">
        <ele>545</ele>
        <time>2026-08-18T16:18:39+00:00</time>
      </trkpt>
      <trkpt lat="47.73693" lon="19.04825">
        <ele>542</ele>
        <time>2026-08-18T16:18:42+00:00</time>
      </trkpt>
      <trkpt lat="47.73663" lon="19.04857">
        <ele>541</ele>
        <time>2026-08-18T16:18:45+00:00</time>
      </trkpt>
      <trkpt lat="47.7365" lon="19.04866">
        <ele>538</ele>
        <time>2026-08-18T16:18:48+00:00</time>
      </trkpt>
      <trkpt lat="47.7364" lon="19.04876">
        <ele>540</ele>
        <time>2026-08-18T16:18:51+00:00</time>
      </trkpt>
      <trkpt lat="47.73631" lon="19.04887">
        <ele>536</ele>
        <time>2026-08-18T16:18:54+00:00</time>
      </trkpt>
      <trkpt lat="47.7361" lon="19.04921">
        <ele>536</ele>
        <time>2026-08-18T16:18:57+00:00</time>
      </trkpt>
      <trkpt lat="47.73583" lon="19.0497">
        <ele>532</ele>
        <time>2026-08-18T16:19:00+00:00</time>
      </trkpt>
      <trkpt lat="47.73554" lon="19.05006">
        <ele>531</ele>
        <time>2026-08-18T16:19:03+00:00</time>
      </trkpt>
      <trkpt lat="47.73535" lon="19.0505">
        <ele>526</ele>
        <time>2026-08-18T16:19:06+00:00</time>
      </trkpt>
      <trkpt lat="47.7353" lon="19.05076">
        <ele>525</ele>
        <time>2026-08-18T16:19:09+00:00</time>
      </trkpt>
      <trkpt lat="47.73523" lon="19.05091">
        <ele>525</ele>
        <time>2026-08-18T16:19:12+00:00</time>
      </trkpt>
      <trkpt lat="47.73483" lon="19.05125">
        <ele>522</ele>
        <time>2026-08-18T16:19:15+00:00</time>
      </trkpt>
      <trkpt lat="47.73466" lon="19.05146">
        <ele>519</ele>
        <time>2026-08-18T16:19:18+00:00</time>
      </trkpt>
      <trkpt lat="47.73445" lon="19.05167">
        <ele>518</ele>
        <time>2026-08-18T16:19:21+00:00</time>
      </trkpt>
      <trkpt lat="47.73418" lon="19.05193">
        <ele>510</ele>
        <time>2026-08-18T16:19:24+00:00</time>
      </trkpt>
      <trkpt lat="47.734" lon="19.05229">
        <ele>505</ele>
        <time>2026-08-18T16:19:27+00:00</time>
      </trkpt>
      <trkpt lat="47.7339" lon="19.05253">
        <ele>502</ele>
        <time>2026-08-18T16:19:30+00:00</time>
      </trkpt>
      <trkpt lat="47.73385" lon="19.05273">
        <ele>498</ele>
        <time>2026-08-18T16:19:33+00:00</time>
      </trkpt>
      <trkpt lat="47.73375" lon="19.05297">
        <ele>502</ele>
        <time>2026-08-18T16:19:36+00:00</time>
      </trkpt>
      <trkpt lat="47.73365" lon="19.05308">
        <ele>495</ele>
        <time>2026-08-18T16:19:39+00:00</time>
      </trkpt>
      <trkpt lat="47.73355" lon="19.05329">
        <ele>502</ele>
        <time>2026-08-18T16:19:42+00:00</time>
      </trkpt>
      <trkpt lat="47.73348" lon="19.05347">
        <ele>496</ele>
        <time>2026-08-18T16:19:45+00:00</time>
      </trkpt>
      <trkpt lat="47.73344" lon="19.05372">
        <ele>502</ele>
        <time>2026-08-18T16:19:48+00:00</time>
      </trkpt>
      <trkpt lat="47.73343" lon="19.05394">
        <ele>493</ele>
        <time>2026-08-18T16:19:51+00:00</time>
      </trkpt>
      <trkpt lat="47.73335" lon="19.05412">
        <ele>502</ele>
        <time>2026-08-18T16:19:54+00:00</time>
      </trkpt>
      <trkpt lat="47.73328" lon="19.05437">
        <ele>502</ele>
        <time>2026-08-18T16:19:57+00:00</time>
      </trkpt>
      <trkpt lat="47.73332" lon="19.05463">
        <ele>494</ele>
        <time>2026-08-18T16:20:00+00:00</time>
      </trkpt>
      <trkpt lat="47.73331" lon="19.05475">
        <ele>502</ele>
        <time>2026-08-18T16:20:03+00:00</time>
      </trkpt>
      <trkpt lat="47.73325" lon="19.05485">
        <ele>494</ele>
        <time>2026-08-18T16:20:06+00:00</time>
      </trkpt>
      <trkpt lat="47.73317" lon="19.05494">
        <ele>507</ele>
        <time>2026-08-18T16:20:09+00:00</time>
      </trkpt>
      <trkpt lat="47.73305" lon="19.05505">
        <ele>499</ele>
        <time>2026-08-18T16:20:12+00:00</time>
      </trkpt>
      <trkpt lat="47.73286" lon="19.05525">
        <ele>517</ele>
        <time>2026-08-18T16:20:15+00:00</time>
      </trkpt>
      <trkpt lat="47.73281" lon="19.05537">
        <ele>505</ele>
        <time>2026-08-18T16:20:18+00:00</time>
      </trkpt>
      <trkpt lat="47.7327" lon="19.05549">
        <ele>521</ele>
        <time>2026-08-18T16:20:21+00:00</time>
      </trkpt>
      <trkpt lat="47.73256" lon="19.05561">
        <ele>507</ele>
        <time>2026-08-18T16:20:24+00:00</time>
      </trkpt>
      <trkpt lat="47.73249" lon="19.0557">
        <ele>525</ele>
        <time>2026-08-18T16:20:27+00:00</time>
      </trkpt>
      <trkpt lat="47.73245" lon="19.0558">
        <ele>508</ele>
        <time>2026-08-18T16:20:30+00:00</time>
      </trkpt>
      <trkpt lat="47.73231" lon="19.05595">
        <ele>525</ele>
        <time>2026-08-18T16:20:33+00:00</time>
      </trkpt>
      <trkpt lat="47.73221" lon="19.05602">
        <ele>510</ele>
        <time>2026-08-18T16:20:36+00:00</time>
      </trkpt>
      <trkpt lat="47.73213" lon="19.05614">
        <ele>525</ele>
        <time>2026-08-18T16:20:39+00:00</time>
      </trkpt>
      <trkpt lat="47.73206" lon="19.05628">
        <ele>513</ele>
        <time>2026-08-18T16:20:42+00:00</time>
      </trkpt>
      <trkpt lat="47.73194" lon="19.05644">
        <ele>526</ele>
        <time>2026-08-18T16:20:45+00:00</time>
      </trkpt>
      <trkpt lat="47.73187" lon="19.05663">
        <ele>516</ele>
        <time>2026-08-18T16:20:48+00:00</time>
      </trkpt>
      <trkpt lat="47.73183" lon="19.05684">
        <ele>529</ele>
        <time>2026-08-18T16:20:51+00:00</time>
      </trkpt>
      <trkpt lat="47.73179" lon="19.05728">
        <ele>528</ele>
        <time>2026-08-18T16:20:54+00:00</time>
      </trkpt>
      <trkpt lat="47.73175" lon="19.05751">
        <ele>506</ele>
        <time>2026-08-18T16:20:57+00:00</time>
      </trkpt>
      <trkpt lat="47.73172" lon="19.0576">
        <ele>527</ele>
        <time>2026-08-18T16:21:00+00:00</time>
      </trkpt>
      <trkpt lat="47.7317" lon="19.05768">
        <ele>505</ele>
        <time>2026-08-18T16:21:03+00:00</time>
      </trkpt>
      <trkpt lat="47.73167" lon="19.05775">
        <ele>506</ele>
        <time>2026-08-18T16:21:06+00:00</time>
      </trkpt>
      <trkpt lat="47.73162" lon="19.05801">
        <ele>522</ele>
        <time>2026-08-18T16:21:09+00:00</time>
      </trkpt>
      <trkpt lat="47.73151" lon="19.05818">
        <ele>508</ele>
        <time>2026-08-18T16:21:12+00:00</time>
      </trkpt>
      <trkpt lat="47.73148" lon="19.05819">
        <ele>522</ele>
        <time>2026-08-18T16:21:15+00:00</time>
      </trkpt>
      <trkpt lat="47.73144" lon="19.05825">
        <ele>509</ele>
        <time>2026-08-18T16:21:18+00:00</time>
      </trkpt>
      <trkpt lat="47.73148" lon="19.05819">
        <ele>508</ele>
        <time>2026-08-18T16:21:21+00:00</time>
      </trkpt>
      <trkpt lat="47.73151" lon="19.05818">
        <ele>508</ele>
        <time>2026-08-18T16:21:24+00:00</time>
      </trkpt>
      <trkpt lat="47.73162" lon="19.05801">
        <ele>522</ele>
        <time>2026-08-18T16:21:27+00:00</time>
      </trkpt>
      <trkpt lat="47.73167" lon="19.05775">
        <ele>528</ele>
        <time>2026-08-18T16:21:30+00:00</time>
      </trkpt>
      <trkpt lat="47.7317" lon="19.05768">
        <ele>505</ele>
        <time>2026-08-18T16:21:33+00:00</time>
      </trkpt>
      <trkpt lat="47.73172" lon="19.0576">
        <ele>505</ele>
        <time>2026-08-18T16:21:36+00:00</time>
      </trkpt>
      <trkpt lat="47.73175" lon="19.05751">
        <ele>506</ele>
        <time>2026-08-18T16:21:39+00:00</time>
      </trkpt>
      <trkpt lat="47.73179" lon="19.05728">
        <ele>528</ele>
        <time>2026-08-18T16:21:42+00:00</time>
      </trkpt>
      <trkpt lat="47.73183" lon="19.05684">
        <ele>527</ele>
        <time>2026-08-18T16:21:45+00:00</time>
      </trkpt>
      <trkpt lat="47.73187" lon="19.05663">
        <ele>516</ele>
        <time>2026-08-18T16:21:48+00:00</time>
      </trkpt>
      <trkpt lat="47.73194" lon="19.05644">
        <ele>526</ele>
        <time>2026-08-18T16:21:51+00:00</time>
      </trkpt>
      <trkpt lat="47.73206" lon="19.05628">
        <ele>513</ele>
        <time>2026-08-18T16:21:54+00:00</time>
      </trkpt>
      <trkpt lat="47.73213" lon="19.05614">
        <ele>525</ele>
        <time>2026-08-18T16:21:57+00:00</time>
      </trkpt>
      <trkpt lat="47.73221" lon="19.05602">
        <ele>510</ele>
        <time>2026-08-18T16:22:00+00:00</time>
      </trkpt>
      <trkpt lat="47.73231" lon="19.05595">
        <ele>525</ele>
        <time>2026-08-18T16:22:03+00:00</time>
      </trkpt>
      <trkpt lat="47.73245" lon="19.0558">
        <ele>508</ele>
        <time>2026-08-18T16:22:06+00:00</time>
      </trkpt>
      <trkpt lat="47.73249" lon="19.0557">
        <ele>525</ele>
        <time>2026-08-18T16:22:09+00:00</time>
      </trkpt>
      <trkpt lat="47.73256" lon="19.05561">
        <ele>507</ele>
        <time>2026-08-18T16:22:12+00:00</time>
      </trkpt>
      <trkpt lat="47.7327" lon="19.05549">
        <ele>521</ele>
        <time>2026-08-18T16:22:15+00:00</time>
      </trkpt>
      <trkpt lat="47.73281" lon="19.05537">
        <ele>505</ele>
        <time>2026-08-18T16:22:18+00:00</time>
      </trkpt>
      <trkpt lat="47.73286" lon="19.05525">
        <ele>517</ele>
        <time>2026-08-18T16:22:21+00:00</time>
      </trkpt>
      <trkpt lat="47.73305" lon="19.05505">
        <ele>511</ele>
        <time>2026-08-18T16:22:24+00:00</time>
      </trkpt>
      <trkpt lat="47.73317" lon="19.05494">
        <ele>495</ele>
        <time>2026-08-18T16:22:27+00:00</time>
      </trkpt>
      <trkpt lat="47.73325" lon="19.05485">
        <ele>505</ele>
        <time>2026-08-18T16:22:30+00:00</time>
      </trkpt>
      <trkpt lat="47.73331" lon="19.05475">
        <ele>494</ele>
        <time>2026-08-18T16:22:33+00:00</time>
      </trkpt>
      <trkpt lat="47.73332" lon="19.05463">
        <ele>494</ele>
        <time>2026-08-18T16:22:36+00:00</time>
      </trkpt>
      <trkpt lat="47.73328" lon="19.05437">
        <ele>504</ele>
        <time>2026-08-18T16:22:39+00:00</time>
      </trkpt>
      <trkpt lat="47.73335" lon="19.05412">
        <ele>502</ele>
        <time>2026-08-18T16:22:42+00:00</time>
      </trkpt>
      <trkpt lat="47.73343" lon="19.05394">
        <ele>493</ele>
        <time>2026-08-18T16:22:45+00:00</time>
      </trkpt>
      <trkpt lat="47.73344" lon="19.05372">
        <ele>502</ele>
        <time>2026-08-18T16:22:48+00:00</time>
      </trkpt>
      <trkpt lat="47.73348" lon="19.05347">
        <ele>496</ele>
        <time>2026-08-18T16:22:51+00:00</time>
      </trkpt>
      <trkpt lat="47.73355" lon="19.05329">
        <ele>502</ele>
        <time>2026-08-18T16:22:54+00:00</time>
      </trkpt>
      <trkpt lat="47.73365" lon="19.05308">
        <ele>495</ele>
        <time>2026-08-18T16:22:57+00:00</time>
      </trkpt>
      <trkpt lat="47.73375" lon="19.05297">
        <ele>501</ele>
        <time>2026-08-18T16:23:00+00:00</time>
      </trkpt>
      <trkpt lat="47.73385" lon="19.05273">
        <ele>503</ele>
        <time>2026-08-18T16:23:03+00:00</time>
      </trkpt>
      <trkpt lat="47.7339" lon="19.05253">
        <ele>503</ele>
        <time>2026-08-18T16:23:06+00:00</time>
      </trkpt>
      <trkpt lat="47.734" lon="19.05229">
        <ele>505</ele>
        <time>2026-08-18T16:23:09+00:00</time>
      </trkpt>
      <trkpt lat="47.73418" lon="19.05193">
        <ele>510</ele>
        <time>2026-08-18T16:23:12+00:00</time>
      </trkpt>
      <trkpt lat="47.73439" lon="19.05172">
        <ele>516</ele>
        <time>2026-08-18T16:23:15+00:00</time>
      </trkpt>
      <trkpt lat="47.73466" lon="19.05146">
        <ele>519</ele>
        <time>2026-08-18T16:23:18+00:00</time>
      </trkpt>
      <trkpt lat="47.73483" lon="19.05125">
        <ele>522</ele>
        <time>2026-08-18T16:23:21+00:00</time>
      </trkpt>
      <trkpt lat="47.73503" lon="19.05108">
        <ele>522</ele>
        <time>2026-08-18T16:23:24+00:00</time>
      </trkpt>
      <trkpt lat="47.73523" lon="19.05091">
        <ele>522</ele>
        <time>2026-08-18T16:23:27+00:00</time>
      </trkpt>
      <trkpt lat="47.7353" lon="19.05076">
        <ele>527</ele>
        <time>2026-08-18T16:23:30+00:00</time>
      </trkpt>
      <trkpt lat="47.73535" lon="19.0505">
        <ele>526</ele>
        <time>2026-08-18T16:23:33+00:00</time>
      </trkpt>
      <trkpt lat="47.73554" lon="19.05006">
        <ele>531</ele>
        <time>2026-08-18T16:23:36+00:00</time>
      </trkpt>
      <trkpt lat="47.73583" lon="19.0497">
        <ele>532</ele>
        <time>2026-08-18T16:23:39+00:00</time>
      </trkpt>
      <trkpt lat="47.7361" lon="19.04921">
        <ele>536</ele>
        <time>2026-08-18T16:23:42+00:00</time>
      </trkpt>
      <trkpt lat="47.73631" lon="19.04887">
        <ele>540</ele>
        <time>2026-08-18T16:23:45+00:00</time>
      </trkpt>
      <trkpt lat="47.7364" lon="19.04876">
        <ele>536</ele>
        <time>2026-08-18T16:23:48+00:00</time>
      </trkpt>
      <trkpt lat="47.7365" lon="19.04866">
        <ele>541</ele>
        <time>2026-08-18T16:23:51+00:00</time>
      </trkpt>
      <trkpt lat="47.73663" lon="19.04857">
        <ele>540</ele>
        <time>2026-08-18T16:23:54+00:00</time>
      </trkpt>
      <trkpt lat="47.73693" lon="19.04825">
        <ele>544</ele>
        <time>2026-08-18T16:23:57+00:00</time>
      </trkpt>
      <trkpt lat="47.73705" lon="19.04806">
        <ele>544</ele>
        <time>2026-08-18T16:24:00+00:00</time>
      </trkpt>
      <trkpt lat="47.73711" lon="19.0479">
        <ele>545</ele>
        <time>2026-08-18T16:24:03+00:00</time>
      </trkpt>
      <trkpt lat="47.7372" lon="19.04762">
        <ele>546</ele>
        <time>2026-08-18T16:24:06+00:00</time>
      </trkpt>
      <trkpt lat="47.73732" lon="19.04736">
        <ele>546</ele>
        <time>2026-08-18T16:24:09+00:00</time>
      </trkpt>
      <trkpt lat="47.73736" lon="19.04731">
        <ele>550</ele>
        <time>2026-08-18T16:24:12+00:00</time>
      </trkpt>
      <trkpt lat="47.73738" lon="19.04725">
        <ele>550</ele>
        <time>2026-08-18T16:24:15+00:00</time>
      </trkpt>
      <trkpt lat="47.73742" lon="19.04716">
        <ele>551</ele>
        <time>2026-08-18T16:24:18+00:00</time>
      </trkpt>
      <trkpt lat="47.73746" lon="19.04709">
        <ele>547</ele>
        <time>2026-08-18T16:24:21+00:00</time>
      </trkpt>
      <trkpt lat="47.73755" lon="19.04688">
        <ele>552</ele>
        <time>2026-08-18T16:24:24+00:00</time>
      </trkpt>
      <trkpt lat="47.73759" lon="19.04669">
        <ele>547</ele>
        <time>2026-08-18T16:24:27+00:00</time>
      </trkpt>
      <trkpt lat="47.73764" lon="19.04653">
        <ele>554</ele>
        <time>2026-08-18T16:24:30+00:00</time>
      </trkpt>
      <trkpt lat="47.7377" lon="19.04641">
        <ele>547</ele>
        <time>2026-08-18T16:24:33+00:00</time>
      </trkpt>
      <trkpt lat="47.73777" lon="19.0463">
        <ele>554</ele>
        <time>2026-08-18T16:24:36+00:00</time>
      </trkpt>
      <trkpt lat="47.73784" lon="19.04622">
        <ele>547</ele>
        <time>2026-08-18T16:24:39+00:00</time>
      </trkpt>
      <trkpt lat="47.73789" lon="19.04618">
        <ele>555</ele>
        <time>2026-08-18T16:24:42+00:00</time>
      </trkpt>
      <trkpt lat="47.73794" lon="19.04615">
        <ele>555</ele>
        <time>2026-08-18T16:24:45+00:00</time>
      </trkpt>
      <trkpt lat="47.73802" lon="19.04612">
        <ele>548</ele>
        <time>2026-08-18T16:24:48+00:00</time>
      </trkpt>
      <trkpt lat="47.73811" lon="19.04607">
        <ele>557</ele>
        <time>2026-08-18T16:24:51+00:00</time>
      </trkpt>
      <trkpt lat="47.73819" lon="19.046">
        <ele>549</ele>
        <time>2026-08-18T16:24:54+00:00</time>
      </trkpt>
      <trkpt lat="47.73826" lon="19.04589">
        <ele>556</ele>
        <time>2026-08-18T16:24:57+00:00</time>
      </trkpt>
      <trkpt lat="47.73838" lon="19.04555">
        <ele>549</ele>
        <time>2026-08-18T16:25:00+00:00</time>
      </trkpt>
      <trkpt lat="47.73846" lon="19.04537">
        <ele>556</ele>
        <time>2026-08-18T16:25:03+00:00</time>
      </trkpt>
      <trkpt lat="47.73856" lon="19.04519">
        <ele>549</ele>
        <time>2026-08-18T16:25:06+00:00</time>
      </trkpt>
      <trkpt lat="47.73867" lon="19.04502">
        <ele>557</ele>
        <time>2026-08-18T16:25:09+00:00</time>
      </trkpt>
      <trkpt lat="47.73873" lon="19.04494">
        <ele>548</ele>
        <time>2026-08-18T16:25:12+00:00</time>
      </trkpt>
      <trkpt lat="47.73883" lon="19.04472">
        <ele>555</ele>
        <time>2026-08-18T16:25:15+00:00</time>
      </trkpt>
      <trkpt lat="47.73895" lon="19.04439">
        <ele>548</ele>
        <time>2026-08-18T16:25:18+00:00</time>
      </trkpt>
      <trkpt lat="47.73898" lon="19.04428">
        <ele>555</ele>
        <time>2026-08-18T16:25:21+00:00</time>
      </trkpt>
      <trkpt lat="47.73901" lon="19.04407">
        <ele>548</ele>
        <time>2026-08-18T16:25:24+00:00</time>
      </trkpt>
      <trkpt lat="47.7391" lon="19.04383">
        <ele>548</ele>
        <time>2026-08-18T16:25:27+00:00</time>
      </trkpt>
      <trkpt lat="47.73914" lon="19.0437">
        <ele>553</ele>
        <time>2026-08-18T16:25:30+00:00</time>
      </trkpt>
      <trkpt lat="47.73917" lon="19.04353">
        <ele>548</ele>
        <time>2026-08-18T16:25:33+00:00</time>
      </trkpt>
      <trkpt lat="47.73926" lon="19.04314">
        <ele>547</ele>
        <time>2026-08-18T16:25:36+00:00</time>
      </trkpt>
      <trkpt lat="47.73933" lon="19.04296">
        <ele>550</ele>
        <time>2026-08-18T16:25:39+00:00</time>
      </trkpt>
      <trkpt lat="47.73942" lon="19.04279">
        <ele>545</ele>
        <time>2026-08-18T16:25:42+00:00</time>
      </trkpt>
      <trkpt lat="47.73957" lon="19.04253">
        <ele>544</ele>
        <time>2026-08-18T16:25:45+00:00</time>
      </trkpt>
      <trkpt lat="47.73972" lon="19.04226">
        <ele>543</ele>
        <time>2026-08-18T16:25:48+00:00</time>
      </trkpt>
      <trkpt lat="47.73978" lon="19.04216">
        <ele>545</ele>
        <time>2026-08-18T16:25:51+00:00</time>
      </trkpt>
      <trkpt lat="47.73984" lon="19.0421">
        <ele>544</ele>
        <time>2026-08-18T16:25:54+00:00</time>
      </trkpt>
      <trkpt lat="47.73991" lon="19.04207">
        <ele>541</ele>
        <time>2026-08-18T16:25:57+00:00</time>
      </trkpt>
      <trkpt lat="47.73996" lon="19.04206">
        <ele>543</ele>
        <time>2026-08-18T16:26:00+00:00</time>
      </trkpt>
      <trkpt lat="47.74005" lon="19.04206">
        <ele>542</ele>
        <time>2026-08-18T16:26:03+00:00</time>
      </trkpt>
      <trkpt lat="47.74013" lon="19.04203">
        <ele>540</ele>
        <time>2026-08-18T16:26:06+00:00</time>
      </trkpt>
      <trkpt lat="47.74023" lon="19.04196">
        <ele>541</ele>
        <time>2026-08-18T16:26:09+00:00</time>
      </trkpt>
      <trkpt lat="47.74031" lon="19.04183">
        <ele>538</ele>
        <time>2026-08-18T16:26:12+00:00</time>
      </trkpt>
      <trkpt lat="47.74037" lon="19.04177">
        <ele>541</ele>
        <time>2026-08-18T16:26:15+00:00</time>
      </trkpt>
      <trkpt lat="47.74042" lon="19.04173">
        <ele>540</ele>
        <time>2026-08-18T16:26:18+00:00</time>
      </trkpt>
      <trkpt lat="47.7405" lon="19.04172">
        <ele>537</ele>
        <time>2026-08-18T16:26:21+00:00</time>
      </trkpt>
      <trkpt lat="47.74061" lon="19.04185">
        <ele>535</ele>
        <time>2026-08-18T16:26:24+00:00</time>
      </trkpt>
      <trkpt lat="47.74068" lon="19.04196">
        <ele>536</ele>
        <time>2026-08-18T16:26:27+00:00</time>
      </trkpt>
      <trkpt lat="47.74084" lon="19.04227">
        <ele>534</ele>
        <time>2026-08-18T16:26:30+00:00</time>
      </trkpt>
      <trkpt lat="47.74088" lon="19.04232">
        <ele>528</ele>
        <time>2026-08-18T16:26:33+00:00</time>
      </trkpt>
      <trkpt lat="47.74093" lon="19.04231">
        <ele>528</ele>
        <time>2026-08-18T16:26:36+00:00</time>
      </trkpt>
      <trkpt lat="47.74096" lon="19.04228">
        <ele>528</ele>
        <time>2026-08-18T16:26:39+00:00</time>
      </trkpt>
      <trkpt lat="47.74101" lon="19.04221">
        <ele>534</ele>
        <time>2026-08-18T16:26:42+00:00</time>
      </trkpt>
      <trkpt lat="47.74119" lon="19.04178">
        <ele>534</ele>
        <time>2026-08-18T16:26:45+00:00</time>
      </trkpt>
      <trkpt lat="47.74129" lon="19.04165">
        <ele>535</ele>
        <time>2026-08-18T16:26:48+00:00</time>
      </trkpt>
      <trkpt lat="47.74133" lon="19.04158">
        <ele>534</ele>
        <time>2026-08-18T16:26:51+00:00</time>
      </trkpt>
      <trkpt lat="47.74137" lon="19.04148">
        <ele>535</ele>
        <time>2026-08-18T16:26:54+00:00</time>
      </trkpt>
      <trkpt lat="47.7414" lon="19.04137">
        <ele>536</ele>
        <time>2026-08-18T16:26:57+00:00</time>
      </trkpt>
      <trkpt lat="47.74141" lon="19.04123">
        <ele>535</ele>
        <time>2026-08-18T16:27:00+00:00</time>
      </trkpt>
      <trkpt lat="47.7414" lon="19.04111">
        <ele>536</ele>
        <time>2026-08-18T16:27:03+00:00</time>
      </trkpt>
      <trkpt lat="47.74141" lon="19.04099">
        <ele>537</ele>
        <time>2026-08-18T16:27:06+00:00</time>
      </trkpt>
      <trkpt lat="47.74146" lon="19.04077">
        <ele>538</ele>
        <time>2026-08-18T16:27:09+00:00</time>
      </trkpt>
      <trkpt lat="47.74151" lon="19.0406">
        <ele>539</ele>
        <time>2026-08-18T16:27:12+00:00</time>
      </trkpt>
      <trkpt lat="47.74151" lon="19.04052">
        <ele>539</ele>
        <time>2026-08-18T16:27:15+00:00</time>
      </trkpt>
      <trkpt lat="47.74152" lon="19.04047">
        <ele>540</ele>
        <time>2026-08-18T16:27:18+00:00</time>
      </trkpt>
      <trkpt lat="47.74152" lon="19.0404">
        <ele>540</ele>
        <time>2026-08-18T16:27:21+00:00</time>
      </trkpt>
      <trkpt lat="47.74147" lon="19.04025">
        <ele>541</ele>
        <time>2026-08-18T16:27:24+00:00</time>
      </trkpt>
      <trkpt lat="47.74131" lon="19.03962">
        <ele>542</ele>
        <time>2026-08-18T16:27:27+00:00</time>
      </trkpt>
      <trkpt lat="47.74121" lon="19.03912">
        <ele>543</ele>
        <time>2026-08-18T16:27:30+00:00</time>
      </trkpt>
      <trkpt lat="47.74116" lon="19.03879">
        <ele>543</ele>
        <time>2026-08-18T16:27:33+00:00</time>
      </trkpt>
      <trkpt lat="47.74111" lon="19.03844">
        <ele>544</ele>
        <time>2026-08-18T16:27:36+00:00</time>
      </trkpt>
      <trkpt lat="47.74105" lon="19.03798">
        <ele>545</ele>
        <time>2026-08-18T16:27:39+00:00</time>
      </trkpt>
      <trkpt lat="47.74103" lon="19.03777">
        <ele>546</ele>
        <time>2026-08-18T16:27:42+00:00</time>
      </trkpt>
      <trkpt lat="47.74102" lon="19.03755">
        <ele>546</ele>
        <time>2026-08-18T16:27:45+00:00</time>
      </trkpt>
      <trkpt lat="47.74099" lon="19.03729">
        <ele>546</ele>
        <time>2026-08-18T16:27:48+00:00</time>
      </trkpt>
      <trkpt lat="47.74096" lon="19.03709">
        <ele>546</ele>
        <time>2026-08-18T16:27:51+00:00</time>
      </trkpt>
      <trkpt lat="47.74093" lon="19.03695">
        <ele>545</ele>
        <time>2026-08-18T16:27:54+00:00</time>
      </trkpt>
      <trkpt lat="47.74093" lon="19.0368">
        <ele>547</ele>
        <time>2026-08-18T16:27:57+00:00</time>
      </trkpt>
      <trkpt lat="47.74094" lon="19.03665">
        <ele>544</ele>
        <time>2026-08-18T16:28:00+00:00</time>
      </trkpt>
      <trkpt lat="47.74097" lon="19.03653">
        <ele>547</ele>
        <time>2026-08-18T16:28:03+00:00</time>
      </trkpt>
      <trkpt lat="47.74099" lon="19.0364">
        <ele>545</ele>
        <time>2026-08-18T16:28:06+00:00</time>
      </trkpt>
      <trkpt lat="47.74101" lon="19.03608">
        <ele>547</ele>
        <time>2026-08-18T16:28:09+00:00</time>
      </trkpt>
      <trkpt lat="47.74101" lon="19.03596">
        <ele>547</ele>
        <time>2026-08-18T16:28:12+00:00</time>
      </trkpt>
      <trkpt lat="47.74099" lon="19.03582">
        <ele>548</ele>
        <time>2026-08-18T16:28:15+00:00</time>
      </trkpt>
      <trkpt lat="47.74089" lon="19.03542">
        <ele>547</ele>
        <time>2026-08-18T16:28:18+00:00</time>
      </trkpt>
      <trkpt lat="47.74086" lon="19.03523">
        <ele>548</ele>
        <time>2026-08-18T16:28:21+00:00</time>
      </trkpt>
      <trkpt lat="47.74083" lon="19.0347">
        <ele>547</ele>
        <time>2026-08-18T16:28:24+00:00</time>
      </trkpt>
      <trkpt lat="47.74084" lon="19.03438">
        <ele>546</ele>
        <time>2026-08-18T16:28:27+00:00</time>
      </trkpt>
      <trkpt lat="47.74083" lon="19.03411">
        <ele>546</ele>
        <time>2026-08-18T16:28:30+00:00</time>
      </trkpt>
      <trkpt lat="47.7408" lon="19.03385">
        <ele>548</ele>
        <time>2026-08-18T16:28:33+00:00</time>
      </trkpt>
      <trkpt lat="47.74075" lon="19.03365">
        <ele>543</ele>
        <time>2026-08-18T16:28:36+00:00</time>
      </trkpt>
      <trkpt lat="47.74068" lon="19.03346">
        <ele>547</ele>
        <time>2026-08-18T16:28:39+00:00</time>
      </trkpt>
      <trkpt lat="47.74063" lon="19.03335">
        <ele>541</ele>
        <time>2026-08-18T16:28:42+00:00</time>
      </trkpt>
      <trkpt lat="47.74059" lon="19.03324">
        <ele>545</ele>
        <time>2026-08-18T16:28:45+00:00</time>
      </trkpt>
      <trkpt lat="47.74055" lon="19.03309">
        <ele>539</ele>
        <time>2026-08-18T16:28:48+00:00</time>
      </trkpt>
      <trkpt lat="47.74041" lon="19.03263">
        <ele>538</ele>
        <time>2026-08-18T16:28:51+00:00</time>
      </trkpt>
      <trkpt lat="47.74031" lon="19.03232">
        <ele>536</ele>
        <time>2026-08-18T16:28:54+00:00</time>
      </trkpt>
      <trkpt lat="47.74021" lon="19.03201">
        <ele>535</ele>
        <time>2026-08-18T16:28:57+00:00</time>
      </trkpt>
      <trkpt lat="47.74015" lon="19.03189">
        <ele>533</ele>
        <time>2026-08-18T16:29:00+00:00</time>
      </trkpt>
      <trkpt lat="47.74012" lon="19.03185">
        <ele>533</ele>
        <time>2026-08-18T16:29:03+00:00</time>
      </trkpt>
      <trkpt lat="47.74008" lon="19.03174">
        <ele>532</ele>
        <time>2026-08-18T16:29:06+00:00</time>
      </trkpt>
      <trkpt lat="47.74004" lon="19.03151">
        <ele>529</ele>
        <time>2026-08-18T16:29:09+00:00</time>
      </trkpt>
      <trkpt lat="47.74001" lon="19.03137">
        <ele>530</ele>
        <time>2026-08-18T16:29:12+00:00</time>
      </trkpt>
      <trkpt lat="47.73998" lon="19.03128">
        <ele>526</ele>
        <time>2026-08-18T16:29:15+00:00</time>
      </trkpt>
      <trkpt lat="47.73995" lon="19.0312">
        <ele>525</ele>
        <time>2026-08-18T16:29:18+00:00</time>
      </trkpt>
      <trkpt lat="47.73983" lon="19.031">
        <ele>526</ele>
        <time>2026-08-18T16:29:21+00:00</time>
      </trkpt>
      <trkpt lat="47.73976" lon="19.03086">
        <ele>519</ele>
        <time>2026-08-18T16:29:24+00:00</time>
      </trkpt>
      <trkpt lat="47.73971" lon="19.03074">
        <ele>524</ele>
        <time>2026-08-18T16:29:27+00:00</time>
      </trkpt>
      <trkpt lat="47.73968" lon="19.03062">
        <ele>518</ele>
        <time>2026-08-18T16:29:30+00:00</time>
      </trkpt>
      <trkpt lat="47.73964" lon="19.03038">
        <ele>521</ele>
        <time>2026-08-18T16:29:33+00:00</time>
      </trkpt>
      <trkpt lat="47.73964" lon="19.03032">
        <ele>519</ele>
        <time>2026-08-18T16:29:36+00:00</time>
      </trkpt>
      <trkpt lat="47.73962" lon="19.03019">
        <ele>519</ele>
        <time>2026-08-18T16:29:39+00:00</time>
      </trkpt>
      <trkpt lat="47.7395" lon="19.02983">
        <ele>516</ele>
        <time>2026-08-18T16:29:42+00:00</time>
      </trkpt>
      <trkpt lat="47.7394" lon="19.02961">
        <ele>519</ele>
        <time>2026-08-18T16:29:45+00:00</time>
      </trkpt>
      <trkpt lat="47.73934" lon="19.02952">
        <ele>514</ele>
        <time>2026-08-18T16:29:48+00:00</time>
      </trkpt>
      <trkpt lat="47.73923" lon="19.02931">
        <ele>513</ele>
        <time>2026-08-18T16:29:51+00:00</time>
      </trkpt>
      <trkpt lat="47.73919" lon="19.02919">
        <ele>510</ele>
        <time>2026-08-18T16:29:54+00:00</time>
      </trkpt>
      <trkpt lat="47.73909" lon="19.02893">
        <ele>508</ele>
        <time>2026-08-18T16:29:57+00:00</time>
      </trkpt>
      <trkpt lat="47.73903" lon="19.02881">
        <ele>507</ele>
        <time>2026-08-18T16:30:00+00:00</time>
      </trkpt>
      <trkpt lat="47.73888" lon="19.02856">
        <ele>505</ele>
        <time>2026-08-18T16:30:03+00:00</time>
      </trkpt>
      <trkpt lat="47.73883" lon="19.02844">
        <ele>505</ele>
        <time>2026-08-18T16:30:06+00:00</time>
      </trkpt>
      <trkpt lat="47.73881" lon="19.02837">
        <ele>505</ele>
        <time>2026-08-18T16:30:09+00:00</time>
      </trkpt>
      <trkpt lat="47.7388" lon="19.02828">
        <ele>503</ele>
        <time>2026-08-18T16:30:12+00:00</time>
      </trkpt>
      <trkpt lat="47.73879" lon="19.02795">
        <ele>502</ele>
        <time>2026-08-18T16:30:15+00:00</time>
      </trkpt>
      <trkpt lat="47.73879" lon="19.02743">
        <ele>500</ele>
        <time>2026-08-18T16:30:18+00:00</time>
      </trkpt>
      <trkpt lat="47.73879" lon="19.02692">
        <ele>497</ele>
        <time>2026-08-18T16:30:21+00:00</time>
      </trkpt>
      <trkpt lat="47.73878" lon="19.0264">
        <ele>495</ele>
        <time>2026-08-18T16:30:24+00:00</time>
      </trkpt>
      <trkpt lat="47.73878" lon="19.02576">
        <ele>494</ele>
        <time>2026-08-18T16:30:27+00:00</time>
      </trkpt>
      <trkpt lat="47.73877" lon="19.02541">
        <ele>494</ele>
        <time>2026-08-18T16:30:30+00:00</time>
      </trkpt>
      <trkpt lat="47.73875" lon="19.02504">
        <ele>494</ele>
        <time>2026-08-18T16:30:33+00:00</time>
      </trkpt>
      <trkpt lat="47.73877" lon="19.02466">
        <ele>494</ele>
        <time>2026-08-18T16:30:36+00:00</time>
      </trkpt>
      <trkpt lat="47.73893" lon="19.02426">
        <ele>494</ele>
        <time>2026-08-18T16:30:39+00:00</time>
      </trkpt>
      <trkpt lat="47.73913" lon="19.02382">
        <ele>495</ele>
        <time>2026-08-18T16:30:42+00:00</time>
      </trkpt>
      <trkpt lat="47.73928" lon="19.02355">
        <ele>495</ele>
        <time>2026-08-18T16:30:45+00:00</time>
      </trkpt>
      <trkpt lat="47.73945" lon="19.02325">
        <ele>496</ele>
        <time>2026-08-18T16:30:48+00:00</time>
      </trkpt>
      <trkpt lat="47.7395" lon="19.02313">
        <ele>493</ele>
        <time>2026-08-18T16:30:51+00:00</time>
      </trkpt>
      <trkpt lat="47.73961" lon="19.02263">
        <ele>497</ele>
        <time>2026-08-18T16:30:54+00:00</time>
      </trkpt>
      <trkpt lat="47.73966" lon="19.02248">
        <ele>493</ele>
        <time>2026-08-18T16:30:57+00:00</time>
      </trkpt>
      <trkpt lat="47.73973" lon="19.02232">
        <ele>498</ele>
        <time>2026-08-18T16:31:00+00:00</time>
      </trkpt>
      <trkpt lat="47.73984" lon="19.02202">
        <ele>499</ele>
        <time>2026-08-18T16:31:03+00:00</time>
      </trkpt>
      <trkpt lat="47.73987" lon="19.022">
        <ele>499</ele>
        <time>2026-08-18T16:31:06+00:00</time>
      </trkpt>
      <trkpt lat="47.7399" lon="19.02199">
        <ele>498</ele>
        <time>2026-08-18T16:31:09+00:00</time>
      </trkpt>
      <trkpt lat="47.73997" lon="19.02199">
        <ele>498</ele>
        <time>2026-08-18T16:31:12+00:00</time>
      </trkpt>
      <trkpt lat="47.74005" lon="19.02215">
        <ele>499</ele>
        <time>2026-08-18T16:31:15+00:00</time>
      </trkpt>
      <trkpt lat="47.74014" lon="19.02224">
        <ele>498</ele>
        <time>2026-08-18T16:31:18+00:00</time>
      </trkpt>
      <trkpt lat="47.74027" lon="19.02223">
        <ele>498</ele>
        <time>2026-08-18T16:31:21+00:00</time>
      </trkpt>
      <trkpt lat="47.7405" lon="19.02214">
        <ele>498</ele>
        <time>2026-08-18T16:31:24+00:00</time>
      </trkpt>
      <trkpt lat="47.74073" lon="19.02207">
        <ele>497</ele>
        <time>2026-08-18T16:31:27+00:00</time>
      </trkpt>
      <trkpt lat="47.74101" lon="19.02208">
        <ele>494</ele>
        <time>2026-08-18T16:31:30+00:00</time>
      </trkpt>
      <trkpt lat="47.74133" lon="19.02207">
        <ele>490</ele>
        <time>2026-08-18T16:31:33+00:00</time>
      </trkpt>
      <trkpt lat="47.74169" lon="19.02199">
        <ele>488</ele>
        <time>2026-08-18T16:31:36+00:00</time>
      </trkpt>
      <trkpt lat="47.74199" lon="19.02194">
        <ele>484</ele>
        <time>2026-08-18T16:31:39+00:00</time>
      </trkpt>
      <trkpt lat="47.74229" lon="19.02198">
        <ele>480</ele>
        <time>2026-08-18T16:31:42+00:00</time>
      </trkpt>
      <trkpt lat="47.74289" lon="19.02205">
        <ele>470</ele>
        <time>2026-08-18T16:31:45+00:00</time>
      </trkpt>
      <trkpt lat="47.7432" lon="19.02206">
        <ele>465</ele>
        <time>2026-08-18T16:31:48+00:00</time>
      </trkpt>
      <trkpt lat="47.74352" lon="19.02207">
        <ele>461</ele>
        <time>2026-08-18T16:31:51+00:00</time>
      </trkpt>
      <trkpt lat="47.74391" lon="19.02209">
        <ele>456</ele>
        <time>2026-08-18T16:31:54+00:00</time>
      </trkpt>
      <trkpt lat="47.74403" lon="19.02205">
        <ele>464</ele>
        <time>2026-08-18T16:31:57+00:00</time>
      </trkpt>
      <trkpt lat="47.74455" lon="19.02185">
        <ele>450</ele>
        <time>2026-08-18T16:32:00+00:00</time>
      </trkpt>
      <trkpt lat="47.7448" lon="19.02167">
        <ele>448</ele>
        <time>2026-08-18T16:32:03+00:00</time>
      </trkpt>
      <trkpt lat="47.74518" lon="19.02139">
        <ele>445</ele>
        <time>2026-08-18T16:32:06+00:00</time>
      </trkpt>
      <trkpt lat="47.74541" lon="19.02126">
        <ele>441</ele>
        <time>2026-08-18T16:32:09+00:00</time>
      </trkpt>
      <trkpt lat="47.74568" lon="19.02111">
        <ele>439</ele>
        <time>2026-08-18T16:32:12+00:00</time>
      </trkpt>
      <trkpt lat="47.74606" lon="19.02078">
        <ele>437</ele>
        <time>2026-08-18T16:32:15+00:00</time>
      </trkpt>
      <trkpt lat="47.74645" lon="19.02062">
        <ele>433</ele>
        <time>2026-08-18T16:32:18+00:00</time>
      </trkpt>
      <trkpt lat="47.74663" lon="19.02059">
        <ele>434</ele>
        <time>2026-08-18T16:32:21+00:00</time>
      </trkpt>
      <trkpt lat="47.7468" lon="19.02074">
        <ele>428</ele>
        <time>2026-08-18T16:32:24+00:00</time>
      </trkpt>
      <trkpt lat="47.7471" lon="19.02104">
        <ele>424</ele>
        <time>2026-08-18T16:32:27+00:00</time>
      </trkpt>
      <trkpt lat="47.74744" lon="19.02119">
        <ele>422</ele>
        <time>2026-08-18T16:32:30+00:00</time>
      </trkpt>
      <trkpt lat="47.74771" lon="19.02121">
        <ele>419</ele>
        <time>2026-08-18T16:32:33+00:00</time>
      </trkpt>
      <trkpt lat="47.74804" lon="19.02104">
        <ele>419</ele>
        <time>2026-08-18T16:32:36+00:00</time>
      </trkpt>
      <trkpt lat="47.74826" lon="19.02111">
        <ele>417</ele>
        <time>2026-08-18T16:32:39+00:00</time>
      </trkpt>
      <trkpt lat="47.74849" lon="19.02105">
        <ele>417</ele>
        <time>2026-08-18T16:32:42+00:00</time>
      </trkpt>
      <trkpt lat="47.74866" lon="19.02097">
        <ele>415</ele>
        <time>2026-08-18T16:32:45+00:00</time>
      </trkpt>
      <trkpt lat="47.74892" lon="19.02081">
        <ele>414</ele>
        <time>2026-08-18T16:32:48+00:00</time>
      </trkpt>
      <trkpt lat="47.74915" lon="19.02073">
        <ele>414</ele>
        <time>2026-08-18T16:32:51+00:00</time>
      </trkpt>
      <trkpt lat="47.74954" lon="19.02077">
        <ele>410</ele>
        <time>2026-08-18T16:32:54+00:00</time>
      </trkpt>
      <trkpt lat="47.7497" lon="19.02078">
        <ele>404</ele>
        <time>2026-08-18T16:32:57+00:00</time>
      </trkpt>
      <trkpt lat="47.74999" lon="19.02062">
        <ele>405</ele>
        <time>2026-08-18T16:33:00+00:00</time>
      </trkpt>
      <trkpt lat="47.75024" lon="19.02059">
        <ele>402</ele>
        <time>2026-08-18T16:33:03+00:00</time>
      </trkpt>
      <trkpt lat="47.75053" lon="19.02056">
        <ele>398</ele>
        <time>2026-08-18T16:33:06+00:00</time>
      </trkpt>
      <trkpt lat="47.75089" lon="19.02044">
        <ele>395</ele>
        <time>2026-08-18T16:33:09+00:00</time>
      </trkpt>
      <trkpt lat="47.75116" lon="19.02014">
        <ele>395</ele>
        <time>2026-08-18T16:33:12+00:00</time>
      </trkpt>
      <trkpt lat="47.7513" lon="19.01985">
        <ele>395</ele>
        <time>2026-08-18T16:33:15+00:00</time>
      </trkpt>
      <trkpt lat="47.75145" lon="19.01954">
        <ele>395</ele>
        <time>2026-08-18T16:33:18+00:00</time>
      </trkpt>
      <trkpt lat="47.75173" lon="19.01918">
        <ele>395</ele>
        <time>2026-08-18T16:33:21+00:00</time>
      </trkpt>
      <trkpt lat="47.75198" lon="19.01898">
        <ele>393</ele>
        <time>2026-08-18T16:33:24+00:00</time>
      </trkpt>
      <trkpt lat="47.75231" lon="19.01865">
        <ele>390</ele>
        <time>2026-08-18T16:33:27+00:00</time>
      </trkpt>
      <trkpt lat="47.75258" lon="19.0182">
        <ele>389</ele>
        <time>2026-08-18T16:33:30+00:00</time>
      </trkpt>
      <trkpt lat="47.75291" lon="19.01808">
        <ele>386</ele>
        <time>2026-08-18T16:33:33+00:00</time>
      </trkpt>
      <trkpt lat="47.75321" lon="19.01809">
        <ele>384</ele>
        <time>2026-08-18T16:33:36+00:00</time>
      </trkpt>
      <trkpt lat="47.75346" lon="19.01821">
        <ele>381</ele>
        <time>2026-08-18T16:33:39+00:00</time>
      </trkpt>
      <trkpt lat="47.75379" lon="19.01838">
        <ele>379</ele>
        <time>2026-08-18T16:33:42+00:00</time>
      </trkpt>
      <trkpt lat="47.75401" lon="19.01848">
        <ele>377</ele>
        <time>2026-08-18T16:33:45+00:00</time>
      </trkpt>
      <trkpt lat="47.75425" lon="19.01859">
        <ele>375</ele>
        <time>2026-08-18T16:33:48+00:00</time>
      </trkpt>
      <trkpt lat="47.75455" lon="19.01883">
        <ele>374</ele>
        <time>2026-08-18T16:33:51+00:00</time>
      </trkpt>
      <trkpt lat="47.75468" lon="19.01943">
        <ele>372</ele>
        <time>2026-08-18T16:33:54+00:00</time>
      </trkpt>
      <trkpt lat="47.75466" lon="19.01998">
        <ele>368</ele>
        <time>2026-08-18T16:33:57+00:00</time>
      </trkpt>
      <trkpt lat="47.75477" lon="19.02039">
        <ele>368</ele>
        <time>2026-08-18T16:34:00+00:00</time>
      </trkpt>
      <trkpt lat="47.75502" lon="19.02086">
        <ele>368</ele>
        <time>2026-08-18T16:34:03+00:00</time>
      </trkpt>
      <trkpt lat="47.75521" lon="19.02115">
        <ele>366</ele>
        <time>2026-08-18T16:34:06+00:00</time>
      </trkpt>
      <trkpt lat="47.7553" lon="19.02172">
        <ele>365</ele>
        <time>2026-08-18T16:34:09+00:00</time>
      </trkpt>
      <trkpt lat="47.7553" lon="19.02213">
        <ele>359</ele>
        <time>2026-08-18T16:34:12+00:00</time>
      </trkpt>
      <trkpt lat="47.75534" lon="19.02244">
        <ele>355</ele>
        <time>2026-08-18T16:34:15+00:00</time>
      </trkpt>
      <trkpt lat="47.75538" lon="19.02269">
        <ele>361</ele>
        <time>2026-08-18T16:34:18+00:00</time>
      </trkpt>
      <trkpt lat="47.7556" lon="19.02291">
        <ele>355</ele>
        <time>2026-08-18T16:34:21+00:00</time>
      </trkpt>
      <trkpt lat="47.75586" lon="19.02334">
        <ele>355</ele>
        <time>2026-08-18T16:34:24+00:00</time>
      </trkpt>
      <trkpt lat="47.756" lon="19.02369">
        <ele>355</ele>
        <time>2026-08-18T16:34:27+00:00</time>
      </trkpt>
      <trkpt lat="47.75623" lon="19.02424">
        <ele>350</ele>
        <time>2026-08-18T16:34:30+00:00</time>
      </trkpt>
      <trkpt lat="47.75638" lon="19.02476">
        <ele>339</ele>
        <time>2026-08-18T16:34:33+00:00</time>
      </trkpt>
      <trkpt lat="47.75652" lon="19.02494">
        <ele>341</ele>
        <time>2026-08-18T16:34:36+00:00</time>
      </trkpt>
      <trkpt lat="47.7569" lon="19.02482">
        <ele>343</ele>
        <time>2026-08-18T16:34:39+00:00</time>
      </trkpt>
      <trkpt lat="47.75713" lon="19.02471">
        <ele>344</ele>
        <time>2026-08-18T16:34:42+00:00</time>
      </trkpt>
      <trkpt lat="47.75741" lon="19.02459">
        <ele>345</ele>
        <time>2026-08-18T16:34:45+00:00</time>
      </trkpt>
      <trkpt lat="47.75765" lon="19.02451">
        <ele>345</ele>
        <time>2026-08-18T16:34:48+00:00</time>
      </trkpt>
      <trkpt lat="47.75792" lon="19.02455">
        <ele>345</ele>
        <time>2026-08-18T16:34:51+00:00</time>
      </trkpt>
      <trkpt lat="47.75821" lon="19.02469">
        <ele>339</ele>
        <time>2026-08-18T16:34:54+00:00</time>
      </trkpt>
      <trkpt lat="47.75839" lon="19.02479">
        <ele>335</ele>
        <time>2026-08-18T16:34:57+00:00</time>
      </trkpt>
      <trkpt lat="47.75861" lon="19.02497">
        <ele>329</ele>
        <time>2026-08-18T16:35:00+00:00</time>
      </trkpt>
      <trkpt lat="47.7588" lon="19.02519">
        <ele>325</ele>
        <time>2026-08-18T16:35:03+00:00</time>
      </trkpt>
      <trkpt lat="47.75902" lon="19.02553">
        <ele>317</ele>
        <time>2026-08-18T16:35:06+00:00</time>
      </trkpt>
      <trkpt lat="47.75924" lon="19.02581">
        <ele>312</ele>
        <time>2026-08-18T16:35:09+00:00</time>
      </trkpt>
      <trkpt lat="47.75961" lon="19.02617">
        <ele>306</ele>
        <time>2026-08-18T16:35:12+00:00</time>
      </trkpt>
      <trkpt lat="47.76003" lon="19.02608">
        <ele>306</ele>
        <time>2026-08-18T16:35:15+00:00</time>
      </trkpt>
      <trkpt lat="47.76043" lon="19.02581">
        <ele>306</ele>
        <time>2026-08-18T16:35:18+00:00</time>
      </trkpt>
      <trkpt lat="47.76054" lon="19.02568">
        <ele>309</ele>
        <time>2026-08-18T16:35:21+00:00</time>
      </trkpt>
      <trkpt lat="47.76062" lon="19.02552">
        <ele>308</ele>
        <time>2026-08-18T16:35:24+00:00</time>
      </trkpt>
      <trkpt lat="47.76067" lon="19.02531">
        <ele>311</ele>
        <time>2026-08-18T16:35:27+00:00</time>
      </trkpt>
      <trkpt lat="47.76071" lon="19.02501">
        <ele>315</ele>
        <time>2026-08-18T16:35:30+00:00</time>
      </trkpt>
      <trkpt lat="47.76079" lon="19.02469">
        <ele>316</ele>
        <time>2026-08-18T16:35:33+00:00</time>
      </trkpt>
      <trkpt lat="47.76083" lon="19.02464">
        <ele>318</ele>
        <time>2026-08-18T16:35:36+00:00</time>
      </trkpt>
      <trkpt lat="47.7609" lon="19.02459">
        <ele>317</ele>
        <time>2026-08-18T16:35:39+00:00</time>
      </trkpt>
      <trkpt lat="47.76104" lon="19.02455">
        <ele>316</ele>
        <time>2026-08-18T16:35:42+00:00</time>
      </trkpt>
      <trkpt lat="47.76116" lon="19.02454">
        <ele>313</ele>
        <time>2026-08-18T16:35:45+00:00</time>
      </trkpt>
      <trkpt lat="47.76132" lon="19.02447">
        <ele>316</ele>
        <time>2026-08-18T16:35:48+00:00</time>
      </trkpt>
      <trkpt lat="47.76154" lon="19.02434">
        <ele>316</ele>
        <time>2026-08-18T16:35:51+00:00</time>
      </trkpt>
      <trkpt lat="47.76177" lon="19.02419">
        <ele>316</ele>
        <time>2026-08-18T16:35:54+00:00</time>
      </trkpt>
      <trkpt lat="47.76189" lon="19.02409">
        <ele>318</ele>
        <time>2026-08-18T16:35:57+00:00</time>
      </trkpt>
      <trkpt lat="47.76199" lon="19.02407">
        <ele>314</ele>
        <time>2026-08-18T16:36:00+00:00</time>
      </trkpt>
      <trkpt lat="47.76209" lon="19.02427">
        <ele>316</ele>
        <time>2026-08-18T16:36:03+00:00</time>
      </trkpt>
      <trkpt lat="47.7622" lon="19.02442">
        <ele>313</ele>
        <time>2026-08-18T16:36:06+00:00</time>
      </trkpt>
      <trkpt lat="47.76243" lon="19.02467">
        <ele>312</ele>
        <time>2026-08-18T16:36:09+00:00</time>
      </trkpt>
      <trkpt lat="47.76264" lon="19.02486">
        <ele>312</ele>
        <time>2026-08-18T16:36:12+00:00</time>
      </trkpt>
      <trkpt lat="47.7629" lon="19.02509">
        <ele>313</ele>
        <time>2026-08-18T16:36:15+00:00</time>
      </trkpt>
      <trkpt lat="47.76312" lon="19.02527">
        <ele>313</ele>
        <time>2026-08-18T16:36:18+00:00</time>
      </trkpt>
      <trkpt lat="47.76338" lon="19.02549">
        <ele>311</ele>
        <time>2026-08-18T16:36:21+00:00</time>
      </trkpt>
      <trkpt lat="47.76362" lon="19.0256">
        <ele>311</ele>
        <time>2026-08-18T16:36:24+00:00</time>
      </trkpt>
      <trkpt lat="47.76364" lon="19.02546">
        <ele>313</ele>
        <time>2026-08-18T16:36:27+00:00</time>
      </trkpt>
      <trkpt lat="47.76373" lon="19.02528">
        <ele>316</ele>
        <time>2026-08-18T16:36:30+00:00</time>
      </trkpt>
      <trkpt lat="47.76388" lon="19.02518">
        <ele>319</ele>
        <time>2026-08-18T16:36:33+00:00</time>
      </trkpt>
      <trkpt lat="47.76406" lon="19.02515">
        <ele>320</ele>
        <time>2026-08-18T16:36:36+00:00</time>
      </trkpt>
      <trkpt lat="47.76426" lon="19.02516">
        <ele>321</ele>
        <time>2026-08-18T16:36:39+00:00</time>
      </trkpt>
      <trkpt lat="47.76453" lon="19.02523">
        <ele>322</ele>
        <time>2026-08-18T16:36:42+00:00</time>
      </trkpt>
      <trkpt lat="47.76488" lon="19.02519">
        <ele>326</ele>
        <time>2026-08-18T16:36:45+00:00</time>
      </trkpt>
      <trkpt lat="47.76509" lon="19.02512">
        <ele>328</ele>
        <time>2026-08-18T16:36:48+00:00</time>
      </trkpt>
      <trkpt lat="47.76528" lon="19.02507">
        <ele>329</ele>
        <time>2026-08-18T16:36:51+00:00</time>
      </trkpt>
      <trkpt lat="47.76558" lon="19.02502">
        <ele>331</ele>
        <time>2026-08-18T16:36:54+00:00</time>
      </trkpt>
      <trkpt lat="47.76565" lon="19.02498">
        <ele>336</ele>
        <time>2026-08-18T16:36:57+00:00</time>
      </trkpt>
      <trkpt lat="47.76573" lon="19.02492">
        <ele>336</ele>
        <time>2026-08-18T16:37:00+00:00</time>
      </trkpt>
      <trkpt lat="47.76607" lon="19.02452">
        <ele>342</ele>
        <time>2026-08-18T16:37:03+00:00</time>
      </trkpt>
      <trkpt lat="47.7662" lon="19.02442">
        <ele>343</ele>
        <time>2026-08-18T16:37:06+00:00</time>
      </trkpt>
      <trkpt lat="47.76639" lon="19.0243">
        <ele>344</ele>
        <time>2026-08-18T16:37:09+00:00</time>
      </trkpt>
      <trkpt lat="47.76675" lon="19.02411">
        <ele>345</ele>
        <time>2026-08-18T16:37:12+00:00</time>
      </trkpt>
      <trkpt lat="47.76699" lon="19.02402">
        <ele>345</ele>
        <time>2026-08-18T16:37:15+00:00</time>
      </trkpt>
      <trkpt lat="47.76722" lon="19.02395">
        <ele>345</ele>
        <time>2026-08-18T16:37:18+00:00</time>
      </trkpt>
      <trkpt lat="47.76747" lon="19.02387">
        <ele>344</ele>
        <time>2026-08-18T16:37:21+00:00</time>
      </trkpt>
      <trkpt lat="47.76761" lon="19.0238">
        <ele>348</ele>
        <time>2026-08-18T16:37:24+00:00</time>
      </trkpt>
      <trkpt lat="47.76773" lon="19.02372">
        <ele>343</ele>
        <time>2026-08-18T16:37:27+00:00</time>
      </trkpt>
      <trkpt lat="47.7678" lon="19.02361">
        <ele>346</ele>
        <time>2026-08-18T16:37:30+00:00</time>
      </trkpt>
      <trkpt lat="47.76786" lon="19.0235">
        <ele>343</ele>
        <time>2026-08-18T16:37:33+00:00</time>
      </trkpt>
      <trkpt lat="47.76789" lon="19.02336">
        <ele>349</ele>
        <time>2026-08-18T16:37:36+00:00</time>
      </trkpt>
      <trkpt lat="47.7679" lon="19.02318">
        <ele>343</ele>
        <time>2026-08-18T16:37:39+00:00</time>
      </trkpt>
      <trkpt lat="47.76789" lon="19.02304">
        <ele>348</ele>
        <time>2026-08-18T16:37:42+00:00</time>
      </trkpt>
      <trkpt lat="47.76785" lon="19.02286">
        <ele>347</ele>
        <time>2026-08-18T16:37:45+00:00</time>
      </trkpt>
      <trkpt lat="47.76772" lon="19.02237">
        <ele>350</ele>
        <time>2026-08-18T16:37:48+00:00</time>
      </trkpt>
      <trkpt lat="47.7676" lon="19.02188">
        <ele>355</ele>
        <time>2026-08-18T16:37:51+00:00</time>
      </trkpt>
      <trkpt lat="47.76747" lon="19.02139">
        <ele>355</ele>
        <time>2026-08-18T16:37:54+00:00</time>
      </trkpt>
      <trkpt lat="47.76728" lon="19.02066">
        <ele>355</ele>
        <time>2026-08-18T16:37:57+00:00</time>
      </trkpt>
      <trkpt lat="47.76719" lon="19.02042">
        <ele>356</ele>
        <time>2026-08-18T16:38:00+00:00</time>
      </trkpt>
      <trkpt lat="47.76708" lon="19.02023">
        <ele>354</ele>
        <time>2026-08-18T16:38:03+00:00</time>
      </trkpt>
      <trkpt lat="47.76643" lon="19.01966">
        <ele>371</ele>
        <time>2026-08-18T16:38:06+00:00</time>
      </trkpt>
      <trkpt lat="47.76636" lon="19.01953">
        <ele>371</ele>
        <time>2026-08-18T16:38:09+00:00</time>
      </trkpt>
      <trkpt lat="47.76632" lon="19.0194">
        <ele>373</ele>
        <time>2026-08-18T16:38:12+00:00</time>
      </trkpt>
      <trkpt lat="47.76629" lon="19.01922">
        <ele>373</ele>
        <time>2026-08-18T16:38:15+00:00</time>
      </trkpt>
      <trkpt lat="47.76625" lon="19.01908">
        <ele>378</ele>
        <time>2026-08-18T16:38:18+00:00</time>
      </trkpt>
      <trkpt lat="47.76613" lon="19.01876">
        <ele>378</ele>
        <time>2026-08-18T16:38:21+00:00</time>
      </trkpt>
      <trkpt lat="47.76612" lon="19.01867">
        <ele>381</ele>
        <time>2026-08-18T16:38:24+00:00</time>
      </trkpt>
      <trkpt lat="47.76612" lon="19.01859">
        <ele>383</ele>
        <time>2026-08-18T16:38:27+00:00</time>
      </trkpt>
      <trkpt lat="47.76617" lon="19.01854">
        <ele>385</ele>
        <time>2026-08-18T16:38:30+00:00</time>
      </trkpt>
      <trkpt lat="47.7664" lon="19.01854">
        <ele>377</ele>
        <time>2026-08-18T16:38:33+00:00</time>
      </trkpt>
      <trkpt lat="47.76665" lon="19.01851">
        <ele>376</ele>
        <time>2026-08-18T16:38:36+00:00</time>
      </trkpt>
      <trkpt lat="47.76694" lon="19.01847">
        <ele>373</ele>
        <time>2026-08-18T16:38:39+00:00</time>
      </trkpt>
      <trkpt lat="47.76707" lon="19.01844">
        <ele>380</ele>
        <time>2026-08-18T16:38:42+00:00</time>
      </trkpt>
      <trkpt lat="47.76718" lon="19.01837">
        <ele>372</ele>
        <time>2026-08-18T16:38:45+00:00</time>
      </trkpt>
      <trkpt lat="47.76729" lon="19.01826">
        <ele>376</ele>
        <time>2026-08-18T16:38:48+00:00</time>
      </trkpt>
      <trkpt lat="47.76737" lon="19.0181">
        <ele>372</ele>
        <time>2026-08-18T16:38:51+00:00</time>
      </trkpt>
      <trkpt lat="47.7675" lon="19.01771">
        <ele>377</ele>
        <time>2026-08-18T16:38:54+00:00</time>
      </trkpt>
      <trkpt lat="47.76773" lon="19.01701">
        <ele>381</ele>
        <time>2026-08-18T16:38:57+00:00</time>
      </trkpt>
      <trkpt lat="47.76782" lon="19.01664">
        <ele>386</ele>
        <time>2026-08-18T16:39:00+00:00</time>
      </trkpt>
      <trkpt lat="47.76795" lon="19.01611">
        <ele>394</ele>
        <time>2026-08-18T16:39:03+00:00</time>
      </trkpt>
      <trkpt lat="47.76803" lon="19.01587">
        <ele>393</ele>
        <time>2026-08-18T16:39:06+00:00</time>
      </trkpt>
      <trkpt lat="47.76816" lon="19.01567">
        <ele>394</ele>
        <time>2026-08-18T16:39:09+00:00</time>
      </trkpt>
      <trkpt lat="47.76829" lon="19.01556">
        <ele>397</ele>
        <time>2026-08-18T16:39:12+00:00</time>
      </trkpt>
      <trkpt lat="47.76857" lon="19.01537">
        <ele>394</ele>
        <time>2026-08-18T16:39:15+00:00</time>
      </trkpt>
      <trkpt lat="47.76873" lon="19.0152">
        <ele>394</ele>
        <time>2026-08-18T16:39:18+00:00</time>
      </trkpt>
      <trkpt lat="47.76892" lon="19.01496">
        <ele>397</ele>
        <time>2026-08-18T16:39:21+00:00</time>
      </trkpt>
      <trkpt lat="47.76918" lon="19.01467">
        <ele>401</ele>
        <time>2026-08-18T16:39:24+00:00</time>
      </trkpt>
      <trkpt lat="47.76941" lon="19.01448">
        <ele>402</ele>
        <time>2026-08-18T16:39:27+00:00</time>
      </trkpt>
      <trkpt lat="47.76981" lon="19.01422">
        <ele>402</ele>
        <time>2026-08-18T16:39:30+00:00</time>
      </trkpt>
      <trkpt lat="47.76997" lon="19.01408">
        <ele>404</ele>
        <time>2026-08-18T16:39:33+00:00</time>
      </trkpt>
      <trkpt lat="47.7701" lon="19.01393">
        <ele>405</ele>
        <time>2026-08-18T16:39:36+00:00</time>
      </trkpt>
      <trkpt lat="47.77012" lon="19.01388">
        <ele>406</ele>
        <time>2026-08-18T16:39:39+00:00</time>
      </trkpt>
      <trkpt lat="47.77012" lon="19.01378">
        <ele>404</ele>
        <time>2026-08-18T16:39:42+00:00</time>
      </trkpt>
      <trkpt lat="47.7701" lon="19.01373">
        <ele>404</ele>
        <time>2026-08-18T16:39:45+00:00</time>
      </trkpt>
      <trkpt lat="47.77006" lon="19.01371">
        <ele>404</ele>
        <time>2026-08-18T16:39:48+00:00</time>
      </trkpt>
      <trkpt lat="47.77001" lon="19.01363">
        <ele>407</ele>
        <time>2026-08-18T16:39:51+00:00</time>
      </trkpt>
      <trkpt lat="47.76998" lon="19.01355">
        <ele>406</ele>
        <time>2026-08-18T16:39:54+00:00</time>
      </trkpt>
      <trkpt lat="47.76997" lon="19.01343">
        <ele>408</ele>
        <time>2026-08-18T16:39:57+00:00</time>
      </trkpt>
      <trkpt lat="47.77003" lon="19.01314">
        <ele>411</ele>
        <time>2026-08-18T16:40:00+00:00</time>
      </trkpt>
      <trkpt lat="47.77013" lon="19.0128">
        <ele>412</ele>
        <time>2026-08-18T16:40:03+00:00</time>
      </trkpt>
      <trkpt lat="47.77014" lon="19.01272">
        <ele>412</ele>
        <time>2026-08-18T16:40:06+00:00</time>
      </trkpt>
      <trkpt lat="47.7702" lon="19.01246">
        <ele>415</ele>
        <time>2026-08-18T16:40:09+00:00</time>
      </trkpt>
      <trkpt lat="47.77029" lon="19.01211">
        <ele>417</ele>
        <time>2026-08-18T16:40:12+00:00</time>
      </trkpt>
      <trkpt lat="47.77036" lon="19.01178">
        <ele>420</ele>
        <time>2026-08-18T16:40:15+00:00</time>
      </trkpt>
      <trkpt lat="47.77044" lon="19.01142">
        <ele>421</ele>
        <time>2026-08-18T16:40:18+00:00</time>
      </trkpt>
      <trkpt lat="47.77049" lon="19.01127">
        <ele>420</ele>
        <time>2026-08-18T16:40:21+00:00</time>
      </trkpt>
      <trkpt lat="47.77055" lon="19.01118">
        <ele>423</ele>
        <time>2026-08-18T16:40:24+00:00</time>
      </trkpt>
      <trkpt lat="47.77057" lon="19.01105">
        <ele>420</ele>
        <time>2026-08-18T16:40:27+00:00</time>
      </trkpt>
      <trkpt lat="47.77067" lon="19.01066">
        <ele>426</ele>
        <time>2026-08-18T16:40:30+00:00</time>
      </trkpt>
      <trkpt lat="47.77071" lon="19.01047">
        <ele>424</ele>
        <time>2026-08-18T16:40:33+00:00</time>
      </trkpt>
      <trkpt lat="47.77074" lon="19.01021">
        <ele>427</ele>
        <time>2026-08-18T16:40:36+00:00</time>
      </trkpt>
      <trkpt lat="47.77074" lon="19.01007">
        <ele>426</ele>
        <time>2026-08-18T16:40:39+00:00</time>
      </trkpt>
      <trkpt lat="47.77076" lon="19.00955">
        <ele>426</ele>
        <time>2026-08-18T16:40:42+00:00</time>
      </trkpt>
      <trkpt lat="47.77078" lon="19.00936">
        <ele>429</ele>
        <time>2026-08-18T16:40:45+00:00</time>
      </trkpt>
      <trkpt lat="47.77108" lon="19.00774">
        <ele>425</ele>
        <time>2026-08-18T16:40:48+00:00</time>
      </trkpt>
      <trkpt lat="47.7711" lon="19.00767">
        <ele>417</ele>
        <time>2026-08-18T16:40:51+00:00</time>
      </trkpt>
      <trkpt lat="47.77132" lon="19.00697">
        <ele>422</ele>
        <time>2026-08-18T16:40:54+00:00</time>
      </trkpt>
      <trkpt lat="47.77148" lon="19.00663">
        <ele>422</ele>
        <time>2026-08-18T16:40:57+00:00</time>
      </trkpt>
      <trkpt lat="47.77174" lon="19.00607">
        <ele>421</ele>
        <time>2026-08-18T16:41:00+00:00</time>
      </trkpt>
      <trkpt lat="47.77191" lon="19.00572">
        <ele>421</ele>
        <time>2026-08-18T16:41:03+00:00</time>
      </trkpt>
      <trkpt lat="47.77208" lon="19.00534">
        <ele>421</ele>
        <time>2026-08-18T16:41:06+00:00</time>
      </trkpt>
      <trkpt lat="47.77211" lon="19.00529">
        <ele>417</ele>
        <time>2026-08-18T16:41:09+00:00</time>
      </trkpt>
      <trkpt lat="47.77223" lon="19.00504">
        <ele>420</ele>
        <time>2026-08-18T16:41:12+00:00</time>
      </trkpt>
      <trkpt lat="47.77233" lon="19.00485">
        <ele>412</ele>
        <time>2026-08-18T16:41:15+00:00</time>
      </trkpt>
      <trkpt lat="47.77311" lon="19.00358">
        <ele>421</ele>
        <time>2026-08-18T16:41:18+00:00</time>
      </trkpt>
      <trkpt lat="47.77277" lon="19.00325">
        <ele>423</ele>
        <time>2026-08-18T16:41:21+00:00</time>
      </trkpt>
      <trkpt lat="47.7727" lon="19.00315">
        <ele>429</ele>
        <time>2026-08-18T16:41:24+00:00</time>
      </trkpt>
      <trkpt lat="47.77253" lon="19.00297">
        <ele>428</ele>
        <time>2026-08-18T16:41:27+00:00</time>
      </trkpt>
      <trkpt lat="47.7724" lon="19.00272">
        <ele>430</ele>
        <time>2026-08-18T16:41:30+00:00</time>
      </trkpt>
      <trkpt lat="47.77228" lon="19.00242">
        <ele>434</ele>
        <time>2026-08-18T16:41:33+00:00</time>
      </trkpt>
      <trkpt lat="47.77218" lon="19.00223">
        <ele>443</ele>
        <time>2026-08-18T16:41:36+00:00</time>
      </trkpt>
      <trkpt lat="47.77206" lon="19.00211">
        <ele>436</ele>
        <time>2026-08-18T16:41:39+00:00</time>
      </trkpt>
      <trkpt lat="47.77196" lon="19.00199">
        <ele>442</ele>
        <time>2026-08-18T16:41:42+00:00</time>
      </trkpt>
      <trkpt lat="47.77192" lon="19.00198">
        <ele>443</ele>
        <time>2026-08-18T16:41:45+00:00</time>
      </trkpt>
      <trkpt lat="47.77192" lon="19.00197">
        <ele>443</ele>
        <time>2026-08-18T16:41:48+00:00</time>
      </trkpt>
      <trkpt lat="47.77164" lon="19.00181">
        <ele>440</ele>
        <time>2026-08-18T16:41:51+00:00</time>
      </trkpt>
      <trkpt lat="47.77141" lon="19.00176">
        <ele>442</ele>
        <time>2026-08-18T16:41:54+00:00</time>
      </trkpt>
      <trkpt lat="47.77117" lon="19.00199">
        <ele>453</ele>
        <time>2026-08-18T16:41:57+00:00</time>
      </trkpt>
      <trkpt lat="47.77076" lon="19.00239">
        <ele>470</ele>
        <time>2026-08-18T16:42:00+00:00</time>
      </trkpt>
      <trkpt lat="47.77065" lon="19.00249">
        <ele>472</ele>
        <time>2026-08-18T16:42:03+00:00</time>
      </trkpt>
      <trkpt lat="47.77056" lon="19.00266">
        <ele>477</ele>
        <time>2026-08-18T16:42:06+00:00</time>
      </trkpt>
      <trkpt lat="47.77046" lon="19.00272">
        <ele>480</ele>
        <time>2026-08-18T16:42:09+00:00</time>
      </trkpt>
      <trkpt lat="47.77038" lon="19.00274">
        <ele>481</ele>
        <time>2026-08-18T16:42:12+00:00</time>
      </trkpt>
      <trkpt lat="47.77008" lon="19.00295">
        <ele>490</ele>
        <time>2026-08-18T16:42:15+00:00</time>
      </trkpt>
      <trkpt lat="47.76977" lon="19.00316">
        <ele>492</ele>
        <time>2026-08-18T16:42:18+00:00</time>
      </trkpt>
      <trkpt lat="47.76919" lon="19.00357">
        <ele>492</ele>
        <time>2026-08-18T16:42:21+00:00</time>
      </trkpt>
      <trkpt lat="47.76887" lon="19.00377">
        <ele>493</ele>
        <time>2026-08-18T16:42:24+00:00</time>
      </trkpt>
      <trkpt lat="47.76884" lon="19.00385">
        <ele>500</ele>
        <time>2026-08-18T16:42:27+00:00</time>
      </trkpt>
      <trkpt lat="47.76874" lon="19.00417">
        <ele>499</ele>
        <time>2026-08-18T16:42:30+00:00</time>
      </trkpt>
      <trkpt lat="47.7686" lon="19.00457">
        <ele>504</ele>
        <time>2026-08-18T16:42:33+00:00</time>
      </trkpt>
      <trkpt lat="47.76857" lon="19.00474">
        <ele>515</ele>
        <time>2026-08-18T16:42:36+00:00</time>
      </trkpt>
      <trkpt lat="47.76852" lon="19.00486">
        <ele>506</ele>
        <time>2026-08-18T16:42:39+00:00</time>
      </trkpt>
      <trkpt lat="47.7685" lon="19.00496">
        <ele>518</ele>
        <time>2026-08-18T16:42:42+00:00</time>
      </trkpt>
      <trkpt lat="47.76835" lon="19.00518">
        <ele>508</ele>
        <time>2026-08-18T16:42:45+00:00</time>
      </trkpt>
      <trkpt lat="47.76831" lon="19.00518">
        <ele>518</ele>
        <time>2026-08-18T16:42:48+00:00</time>
      </trkpt>
      <trkpt lat="47.76828" lon="19.0052">
        <ele>517</ele>
        <time>2026-08-18T16:42:51+00:00</time>
      </trkpt>
      <trkpt lat="47.76822" lon="19.00537">
        <ele>508</ele>
        <time>2026-08-18T16:42:54+00:00</time>
      </trkpt>
      <trkpt lat="47.76816" lon="19.00556">
        <ele>521</ele>
        <time>2026-08-18T16:42:57+00:00</time>
      </trkpt>
      <trkpt lat="47.76809" lon="19.00587">
        <ele>510</ele>
        <time>2026-08-18T16:43:00+00:00</time>
      </trkpt>
      <trkpt lat="47.76797" lon="19.00615">
        <ele>512</ele>
        <time>2026-08-18T16:43:03+00:00</time>
      </trkpt>
      <trkpt lat="47.76796" lon="19.00631">
        <ele>520</ele>
        <time>2026-08-18T16:43:06+00:00</time>
      </trkpt>
      <trkpt lat="47.76794" lon="19.00646">
        <ele>513</ele>
        <time>2026-08-18T16:43:09+00:00</time>
      </trkpt>
      <trkpt lat="47.76786" lon="19.00671">
        <ele>513</ele>
        <time>2026-08-18T16:43:12+00:00</time>
      </trkpt>
      <trkpt lat="47.7676" lon="19.00715">
        <ele>513</ele>
        <time>2026-08-18T16:43:15+00:00</time>
      </trkpt>
      <trkpt lat="47.76748" lon="19.0075">
        <ele>514</ele>
        <time>2026-08-18T16:43:18+00:00</time>
      </trkpt>
      <trkpt lat="47.76744" lon="19.00775">
        <ele>522</ele>
        <time>2026-08-18T16:43:21+00:00</time>
      </trkpt>
      <trkpt lat="47.76743" lon="19.00798">
        <ele>517</ele>
        <time>2026-08-18T16:43:24+00:00</time>
      </trkpt>
      <trkpt lat="47.76738" lon="19.00817">
        <ele>524</ele>
        <time>2026-08-18T16:43:27+00:00</time>
      </trkpt>
      <trkpt lat="47.76732" lon="19.00833">
        <ele>520</ele>
        <time>2026-08-18T16:43:30+00:00</time>
      </trkpt>
      <trkpt lat="47.76724" lon="19.00847">
        <ele>525</ele>
        <time>2026-08-18T16:43:33+00:00</time>
      </trkpt>
      <trkpt lat="47.76705" lon="19.00891">
        <ele>523</ele>
        <time>2026-08-18T16:43:36+00:00</time>
      </trkpt>
      <trkpt lat="47.7668" lon="19.00946">
        <ele>523</ele>
        <time>2026-08-18T16:43:39+00:00</time>
      </trkpt>
      <trkpt lat="47.76665" lon="19.00974">
        <ele>523</ele>
        <time>2026-08-18T16:43:42+00:00</time>
      </trkpt>
      <trkpt lat="47.76647" lon="19.01008">
        <ele>522</ele>
        <time>2026-08-18T16:43:45+00:00</time>
      </trkpt>
      <trkpt lat="47.76631" lon="19.01017">
        <ele>514</ele>
        <time>2026-08-18T16:43:48+00:00</time>
      </trkpt>
      <trkpt lat="47.76599" lon="19.01023">
        <ele>521</ele>
        <time>2026-08-18T16:43:51+00:00</time>
      </trkpt>
      <trkpt lat="47.76572" lon="19.0102">
        <ele>520</ele>
        <time>2026-08-18T16:43:54+00:00</time>
      </trkpt>
      <trkpt lat="47.76529" lon="19.01016">
        <ele>513</ele>
        <time>2026-08-18T16:43:57+00:00</time>
      </trkpt>
      <trkpt lat="47.76501" lon="19.01022">
        <ele>512</ele>
        <time>2026-08-18T16:44:00+00:00</time>
      </trkpt>
      <trkpt lat="47.76472" lon="19.01034">
        <ele>511</ele>
        <time>2026-08-18T16:44:03+00:00</time>
      </trkpt>
      <trkpt lat="47.76459" lon="19.01033">
        <ele>505</ele>
        <time>2026-08-18T16:44:06+00:00</time>
      </trkpt>
      <trkpt lat="47.76446" lon="19.01029">
        <ele>509</ele>
        <time>2026-08-18T16:44:09+00:00</time>
      </trkpt>
      <trkpt lat="47.76413" lon="19.01003">
        <ele>507</ele>
        <time>2026-08-18T16:44:12+00:00</time>
      </trkpt>
      <trkpt lat="47.76391" lon="19.00987">
        <ele>505</ele>
        <time>2026-08-18T16:44:15+00:00</time>
      </trkpt>
      <trkpt lat="47.76371" lon="19.00984">
        <ele>505</ele>
        <time>2026-08-18T16:44:18+00:00</time>
      </trkpt>
      <trkpt lat="47.76364" lon="19.00979">
        <ele>499</ele>
        <time>2026-08-18T16:44:21+00:00</time>
      </trkpt>
      <trkpt lat="47.76354" lon="19.00968">
        <ele>503</ele>
        <time>2026-08-18T16:44:24+00:00</time>
      </trkpt>
      <trkpt lat="47.76344" lon="19.00962">
        <ele>498</ele>
        <time>2026-08-18T16:44:27+00:00</time>
      </trkpt>
      <trkpt lat="47.76334" lon="19.00959">
        <ele>503</ele>
        <time>2026-08-18T16:44:30+00:00</time>
      </trkpt>
      <trkpt lat="47.76323" lon="19.00961">
        <ele>500</ele>
        <time>2026-08-18T16:44:33+00:00</time>
      </trkpt>
      <trkpt lat="47.7631" lon="19.0097">
        <ele>509</ele>
        <time>2026-08-18T16:44:36+00:00</time>
      </trkpt>
      <trkpt lat="47.76299" lon="19.00975">
        <ele>502</ele>
        <time>2026-08-18T16:44:39+00:00</time>
      </trkpt>
      <trkpt lat="47.76288" lon="19.00978">
        <ele>513</ele>
        <time>2026-08-18T16:44:42+00:00</time>
      </trkpt>
      <trkpt lat="47.76268" lon="19.00973">
        <ele>516</ele>
        <time>2026-08-18T16:44:45+00:00</time>
      </trkpt>
      <trkpt lat="47.76247" lon="19.00963">
        <ele>518</ele>
        <time>2026-08-18T16:44:48+00:00</time>
      </trkpt>
      <trkpt lat="47.76237" lon="19.00954">
        <ele>512</ele>
        <time>2026-08-18T16:44:51+00:00</time>
      </trkpt>
      <trkpt lat="47.76229" lon="19.00938">
        <ele>517</ele>
        <time>2026-08-18T16:44:54+00:00</time>
      </trkpt>
      <trkpt lat="47.76227" lon="19.00922">
        <ele>514</ele>
        <time>2026-08-18T16:44:57+00:00</time>
      </trkpt>
      <trkpt lat="47.76227" lon="19.00893">
        <ele>518</ele>
        <time>2026-08-18T16:45:00+00:00</time>
      </trkpt>
      <trkpt lat="47.76207" lon="19.00846">
        <ele>519</ele>
        <time>2026-08-18T16:45:03+00:00</time>
      </trkpt>
      <trkpt lat="47.76198" lon="19.00814">
        <ele>521</ele>
        <time>2026-08-18T16:45:06+00:00</time>
      </trkpt>
      <trkpt lat="47.76189" lon="19.00781">
        <ele>522</ele>
        <time>2026-08-18T16:45:09+00:00</time>
      </trkpt>
      <trkpt lat="47.76173" lon="19.00756">
        <ele>522</ele>
        <time>2026-08-18T16:45:12+00:00</time>
      </trkpt>
      <trkpt lat="47.76156" lon="19.00731">
        <ele>520</ele>
        <time>2026-08-18T16:45:15+00:00</time>
      </trkpt>
      <trkpt lat="47.76131" lon="19.00706">
        <ele>516</ele>
        <time>2026-08-18T16:45:18+00:00</time>
      </trkpt>
      <trkpt lat="47.76106" lon="19.00692">
        <ele>515</ele>
        <time>2026-08-18T16:45:21+00:00</time>
      </trkpt>
      <trkpt lat="47.76098" lon="19.0069">
        <ele>524</ele>
        <time>2026-08-18T16:45:24+00:00</time>
      </trkpt>
      <trkpt lat="47.7609" lon="19.00692">
        <ele>524</ele>
        <time>2026-08-18T16:45:27+00:00</time>
      </trkpt>
      <trkpt lat="47.7608" lon="19.007">
        <ele>513</ele>
        <time>2026-08-18T16:45:30+00:00</time>
      </trkpt>
      <trkpt lat="47.76072" lon="19.0071">
        <ele>524</ele>
        <time>2026-08-18T16:45:33+00:00</time>
      </trkpt>
      <trkpt lat="47.76029" lon="19.00772">
        <ele>512</ele>
        <time>2026-08-18T16:45:36+00:00</time>
      </trkpt>
      <trkpt lat="47.76003" lon="19.00799">
        <ele>510</ele>
        <time>2026-08-18T16:45:39+00:00</time>
      </trkpt>
      <trkpt lat="47.75977" lon="19.00827">
        <ele>507</ele>
        <time>2026-08-18T16:45:42+00:00</time>
      </trkpt>
      <trkpt lat="47.75941" lon="19.00865">
        <ele>507</ele>
        <time>2026-08-18T16:45:45+00:00</time>
      </trkpt>
      <trkpt lat="47.75915" lon="19.00883">
        <ele>505</ele>
        <time>2026-08-18T16:45:48+00:00</time>
      </trkpt>
      <trkpt lat="47.75892" lon="19.00893">
        <ele>503</ele>
        <time>2026-08-18T16:45:51+00:00</time>
      </trkpt>
      <trkpt lat="47.75859" lon="19.00912">
        <ele>502</ele>
        <time>2026-08-18T16:45:54+00:00</time>
      </trkpt>
      <trkpt lat="47.75853" lon="19.00912">
        <ele>504</ele>
        <time>2026-08-18T16:45:57+00:00</time>
      </trkpt>
      <trkpt lat="47.7584" lon="19.00907">
        <ele>500</ele>
        <time>2026-08-18T16:46:00+00:00</time>
      </trkpt>
      <trkpt lat="47.75834" lon="19.00903">
        <ele>499</ele>
        <time>2026-08-18T16:46:03+00:00</time>
      </trkpt>
      <trkpt lat="47.75817" lon="19.00897">
        <ele>499</ele>
        <time>2026-08-18T16:46:06+00:00</time>
      </trkpt>
      <trkpt lat="47.75783" lon="19.00891">
        <ele>499</ele>
        <time>2026-08-18T16:46:09+00:00</time>
      </trkpt>
      <trkpt lat="47.75766" lon="19.0088">
        <ele>499</ele>
        <time>2026-08-18T16:46:12+00:00</time>
      </trkpt>
      <trkpt lat="47.75774" lon="19.00847">
        <ele>499</ele>
        <time>2026-08-18T16:46:15+00:00</time>
      </trkpt>
      <trkpt lat="47.75786" lon="19.0082">
        <ele>497</ele>
        <time>2026-08-18T16:46:18+00:00</time>
      </trkpt>
      <trkpt lat="47.75813" lon="19.00796">
        <ele>496</ele>
        <time>2026-08-18T16:46:21+00:00</time>
      </trkpt>
      <trkpt lat="47.75827" lon="19.00782">
        <ele>496</ele>
        <time>2026-08-18T16:46:24+00:00</time>
      </trkpt>
      <trkpt lat="47.75857" lon="19.00754">
        <ele>490</ele>
        <time>2026-08-18T16:46:27+00:00</time>
      </trkpt>
      <trkpt lat="47.75872" lon="19.00727">
        <ele>485</ele>
        <time>2026-08-18T16:46:30+00:00</time>
      </trkpt>
      <trkpt lat="47.75889" lon="19.00697">
        <ele>483</ele>
        <time>2026-08-18T16:46:33+00:00</time>
      </trkpt>
      <trkpt lat="47.75926" lon="19.00681">
        <ele>481</ele>
        <time>2026-08-18T16:46:36+00:00</time>
      </trkpt>
      <trkpt lat="47.75933" lon="19.00677">
        <ele>463</ele>
        <time>2026-08-18T16:46:39+00:00</time>
      </trkpt>
      <trkpt lat="47.7594" lon="19.00664">
        <ele>479</ele>
        <time>2026-08-18T16:46:42+00:00</time>
      </trkpt>
      <trkpt lat="47.7594" lon="19.00655">
        <ele>461</ele>
        <time>2026-08-18T16:46:45+00:00</time>
      </trkpt>
      <trkpt lat="47.75907" lon="19.00616">
        <ele>467</ele>
        <time>2026-08-18T16:46:48+00:00</time>
      </trkpt>
      <trkpt lat="47.75884" lon="19.00602">
        <ele>467</ele>
        <time>2026-08-18T16:46:51+00:00</time>
      </trkpt>
      <trkpt lat="47.75864" lon="19.00595">
        <ele>467</ele>
        <time>2026-08-18T16:46:54+00:00</time>
      </trkpt>
      <trkpt lat="47.75853" lon="19.00587">
        <ele>462</ele>
        <time>2026-08-18T16:46:57+00:00</time>
      </trkpt>
      <trkpt lat="47.75844" lon="19.00572">
        <ele>466</ele>
        <time>2026-08-18T16:47:00+00:00</time>
      </trkpt>
      <trkpt lat="47.7584" lon="19.00557">
        <ele>462</ele>
        <time>2026-08-18T16:47:03+00:00</time>
      </trkpt>
      <trkpt lat="47.7584" lon="19.00483">
        <ele>459</ele>
        <time>2026-08-18T16:47:06+00:00</time>
      </trkpt>
      <trkpt lat="47.75841" lon="19.00472">
        <ele>444</ele>
        <time>2026-08-18T16:47:09+00:00</time>
      </trkpt>
      <trkpt lat="47.75845" lon="19.00463">
        <ele>443</ele>
        <time>2026-08-18T16:47:12+00:00</time>
      </trkpt>
      <trkpt lat="47.75851" lon="19.00458">
        <ele>451</ele>
        <time>2026-08-18T16:47:15+00:00</time>
      </trkpt>
      <trkpt lat="47.75857" lon="19.00457">
        <ele>438</ele>
        <time>2026-08-18T16:47:18+00:00</time>
      </trkpt>
      <trkpt lat="47.75863" lon="19.00461">
        <ele>436</ele>
        <time>2026-08-18T16:47:21+00:00</time>
      </trkpt>
      <trkpt lat="47.75875" lon="19.00485">
        <ele>450</ele>
        <time>2026-08-18T16:47:24+00:00</time>
      </trkpt>
      <trkpt lat="47.75884" lon="19.00492">
        <ele>435</ele>
        <time>2026-08-18T16:47:27+00:00</time>
      </trkpt>
      <trkpt lat="47.75891" lon="19.00495">
        <ele>434</ele>
        <time>2026-08-18T16:47:30+00:00</time>
      </trkpt>
      <trkpt lat="47.75898" lon="19.00495">
        <ele>447</ele>
        <time>2026-08-18T16:47:33+00:00</time>
      </trkpt>
      <trkpt lat="47.75918" lon="19.00485">
        <ele>445</ele>
        <time>2026-08-18T16:47:36+00:00</time>
      </trkpt>
      <trkpt lat="47.75935" lon="19.00472">
        <ele>443</ele>
        <time>2026-08-18T16:47:39+00:00</time>
      </trkpt>
      <trkpt lat="47.75945" lon="19.00462">
        <ele>424</ele>
        <time>2026-08-18T16:47:42+00:00</time>
      </trkpt>
      <trkpt lat="47.76001" lon="19.00371">
        <ele>422</ele>
        <time>2026-08-18T16:47:45+00:00</time>
      </trkpt>
      <trkpt lat="47.76024" lon="19.00351">
        <ele>418</ele>
        <time>2026-08-18T16:47:48+00:00</time>
      </trkpt>
      <trkpt lat="47.76055" lon="19.00323">
        <ele>414</ele>
        <time>2026-08-18T16:47:51+00:00</time>
      </trkpt>
      <trkpt lat="47.76092" lon="19.00289">
        <ele>409</ele>
        <time>2026-08-18T16:47:54+00:00</time>
      </trkpt>
      <trkpt lat="47.76115" lon="19.00265">
        <ele>407</ele>
        <time>2026-08-18T16:47:57+00:00</time>
      </trkpt>
      <trkpt lat="47.76152" lon="19.00227">
        <ele>404</ele>
        <time>2026-08-18T16:48:00+00:00</time>
      </trkpt>
      <trkpt lat="47.76171" lon="19.00194">
        <ele>401</ele>
        <time>2026-08-18T16:48:03+00:00</time>
      </trkpt>
      <trkpt lat="47.76207" lon="19.00135">
        <ele>394</ele>
        <time>2026-08-18T16:48:06+00:00</time>
      </trkpt>
      <trkpt lat="47.76227" lon="19.00104">
        <ele>390</ele>
        <time>2026-08-18T16:48:09+00:00</time>
      </trkpt>
      <trkpt lat="47.7626" lon="19.00051">
        <ele>381</ele>
        <time>2026-08-18T16:48:12+00:00</time>
      </trkpt>
      <trkpt lat="47.7628" lon="19.00022">
        <ele>376</ele>
        <time>2026-08-18T16:48:15+00:00</time>
      </trkpt>
      <trkpt lat="47.76313" lon="18.99975">
        <ele>366</ele>
        <time>2026-08-18T16:48:18+00:00</time>
      </trkpt>
      <trkpt lat="47.7632" lon="18.99969">
        <ele>353</ele>
        <time>2026-08-18T16:48:21+00:00</time>
      </trkpt>
      <trkpt lat="47.7633" lon="18.99965">
        <ele>365</ele>
        <time>2026-08-18T16:48:24+00:00</time>
      </trkpt>
      <trkpt lat="47.76335" lon="18.99965">
        <ele>351</ele>
        <time>2026-08-18T16:48:27+00:00</time>
      </trkpt>
      <trkpt lat="47.7634" lon="18.9997">
        <ele>352</ele>
        <time>2026-08-18T16:48:30+00:00</time>
      </trkpt>
      <trkpt lat="47.76348" lon="18.99983">
        <ele>365</ele>
        <time>2026-08-18T16:48:33+00:00</time>
      </trkpt>
      <trkpt lat="47.76362" lon="19.00018">
        <ele>368</ele>
        <time>2026-08-18T16:48:36+00:00</time>
      </trkpt>
      <trkpt lat="47.76378" lon="19.00046">
        <ele>373</ele>
        <time>2026-08-18T16:48:39+00:00</time>
      </trkpt>
      <trkpt lat="47.76399" lon="19.00082">
        <ele>373</ele>
        <time>2026-08-18T16:48:42+00:00</time>
      </trkpt>
      <trkpt lat="47.76419" lon="19.00107">
        <ele>373</ele>
        <time>2026-08-18T16:48:45+00:00</time>
      </trkpt>
      <trkpt lat="47.76448" lon="19.00141">
        <ele>369</ele>
        <time>2026-08-18T16:48:48+00:00</time>
      </trkpt>
      <trkpt lat="47.76457" lon="19.00155">
        <ele>349</ele>
        <time>2026-08-18T16:48:51+00:00</time>
      </trkpt>
      <trkpt lat="47.76478" lon="19.0018">
        <ele>367</ele>
        <time>2026-08-18T16:48:54+00:00</time>
      </trkpt>
      <trkpt lat="47.76485" lon="19.00184">
        <ele>356</ele>
        <time>2026-08-18T16:48:57+00:00</time>
      </trkpt>
      <trkpt lat="47.76492" lon="19.00181">
        <ele>357</ele>
        <time>2026-08-18T16:49:00+00:00</time>
      </trkpt>
      <trkpt lat="47.76497" lon="19.00171">
        <ele>362</ele>
        <time>2026-08-18T16:49:03+00:00</time>
      </trkpt>
      <trkpt lat="47.76499" lon="19.00157">
        <ele>352</ele>
        <time>2026-08-18T16:49:06+00:00</time>
      </trkpt>
      <trkpt lat="47.76503" lon="19.00083">
        <ele>352</ele>
        <time>2026-08-18T16:49:09+00:00</time>
      </trkpt>
      <trkpt lat="47.76503" lon="19.00031">
        <ele>345</ele>
        <time>2026-08-18T16:49:12+00:00</time>
      </trkpt>
      <trkpt lat="47.76504" lon="18.99979">
        <ele>340</ele>
        <time>2026-08-18T16:49:15+00:00</time>
      </trkpt>
      <trkpt lat="47.76504" lon="18.99926">
        <ele>336</ele>
        <time>2026-08-18T16:49:18+00:00</time>
      </trkpt>
      <trkpt lat="47.76505" lon="18.99851">
        <ele>331</ele>
        <time>2026-08-18T16:49:21+00:00</time>
      </trkpt>
      <trkpt lat="47.76502" lon="18.99792">
        <ele>326</ele>
        <time>2026-08-18T16:49:24+00:00</time>
      </trkpt>
      <trkpt lat="47.76508" lon="18.9977">
        <ele>317</ele>
        <time>2026-08-18T16:49:27+00:00</time>
      </trkpt>
      <trkpt lat="47.76508" lon="18.9976">
        <ele>322</ele>
        <time>2026-08-18T16:49:30+00:00</time>
      </trkpt>
      <trkpt lat="47.76536" lon="18.99724">
        <ele>317</ele>
        <time>2026-08-18T16:49:33+00:00</time>
      </trkpt>
      <trkpt lat="47.76564" lon="18.99687">
        <ele>311</ele>
        <time>2026-08-18T16:49:36+00:00</time>
      </trkpt>
      <trkpt lat="47.76592" lon="18.99651">
        <ele>308</ele>
        <time>2026-08-18T16:49:39+00:00</time>
      </trkpt>
      <trkpt lat="47.7662" lon="18.99615">
        <ele>303</ele>
        <time>2026-08-18T16:49:42+00:00</time>
      </trkpt>
      <trkpt lat="47.76662" lon="18.9956">
        <ele>297</ele>
        <time>2026-08-18T16:49:45+00:00</time>
      </trkpt>
      <trkpt lat="47.76686" lon="18.99536">
        <ele>290</ele>
        <time>2026-08-18T16:49:48+00:00</time>
      </trkpt>
      <trkpt lat="47.76716" lon="18.99515">
        <ele>287</ele>
        <time>2026-08-18T16:49:51+00:00</time>
      </trkpt>
      <trkpt lat="47.76743" lon="18.99499">
        <ele>284</ele>
        <time>2026-08-18T16:49:54+00:00</time>
      </trkpt>
      <trkpt lat="47.76794" lon="18.99471">
        <ele>280</ele>
        <time>2026-08-18T16:49:57+00:00</time>
      </trkpt>
      <trkpt lat="47.76813" lon="18.99451">
        <ele>278</ele>
        <time>2026-08-18T16:50:00+00:00</time>
      </trkpt>
      <trkpt lat="47.76833" lon="18.99431">
        <ele>277</ele>
        <time>2026-08-18T16:50:03+00:00</time>
      </trkpt>
      <trkpt lat="47.76856" lon="18.99396">
        <ele>271</ele>
        <time>2026-08-18T16:50:06+00:00</time>
      </trkpt>
      <trkpt lat="47.76865" lon="18.99359">
        <ele>267</ele>
        <time>2026-08-18T16:50:09+00:00</time>
      </trkpt>
      <trkpt lat="47.76872" lon="18.99326">
        <ele>264</ele>
        <time>2026-08-18T16:50:12+00:00</time>
      </trkpt>
      <trkpt lat="47.76893" lon="18.99292">
        <ele>263</ele>
        <time>2026-08-18T16:50:15+00:00</time>
      </trkpt>
      <trkpt lat="47.76914" lon="18.99258">
        <ele>261</ele>
        <time>2026-08-18T16:50:18+00:00</time>
      </trkpt>
      <trkpt lat="47.76938" lon="18.99218">
        <ele>259</ele>
        <time>2026-08-18T16:50:21+00:00</time>
      </trkpt>
      <trkpt lat="47.76943" lon="18.99192">
        <ele>258</ele>
        <time>2026-08-18T16:50:24+00:00</time>
      </trkpt>
      <trkpt lat="47.76945" lon="18.99163">
        <ele>256</ele>
        <time>2026-08-18T16:50:27+00:00</time>
      </trkpt>
      <trkpt lat="47.76947" lon="18.99107">
        <ele>252</ele>
        <time>2026-08-18T16:50:30+00:00</time>
      </trkpt>
      <trkpt lat="47.76949" lon="18.99071">
        <ele>251</ele>
        <time>2026-08-18T16:50:33+00:00</time>
      </trkpt>
      <trkpt lat="47.76951" lon="18.9903">
        <ele>248</ele>
        <time>2026-08-18T16:50:36+00:00</time>
      </trkpt>
      <trkpt lat="47.76956" lon="18.98995">
        <ele>245</ele>
        <time>2026-08-18T16:50:39+00:00</time>
      </trkpt>
      <trkpt lat="47.76962" lon="18.98957">
        <ele>242</ele>
        <time>2026-08-18T16:50:42+00:00</time>
      </trkpt>
      <trkpt lat="47.76975" lon="18.98895">
        <ele>238</ele>
        <time>2026-08-18T16:50:45+00:00</time>
      </trkpt>
      <trkpt lat="47.76976" lon="18.98885">
        <ele>241</ele>
        <time>2026-08-18T16:50:48+00:00</time>
      </trkpt>
      <trkpt lat="47.76977" lon="18.98885">
        <ele>241</ele>
        <time>2026-08-18T16:50:51+00:00</time>
      </trkpt>
      <trkpt lat="47.76976" lon="18.98885">
        <ele>241</ele>
        <time>2026-08-18T16:50:54+00:00</time>
      </trkpt>
      <trkpt lat="47.76977" lon="18.98865">
        <ele>236</ele>
        <time>2026-08-18T16:50:57+00:00</time>
      </trkpt>
      <trkpt lat="47.76973" lon="18.98843">
        <ele>237</ele>
        <time>2026-08-18T16:51:00+00:00</time>
      </trkpt>
      <trkpt lat="47.76972" lon="18.98819">
        <ele>232</ele>
        <time>2026-08-18T16:51:03+00:00</time>
      </trkpt>
      <trkpt lat="47.76979" lon="18.98791">
        <ele>231</ele>
        <time>2026-08-18T16:51:06+00:00</time>
      </trkpt>
      <trkpt lat="47.76991" lon="18.98764">
        <ele>226</ele>
        <time>2026-08-18T16:51:09+00:00</time>
      </trkpt>
      <trkpt lat="47.77011" lon="18.98727">
        <ele>221</ele>
        <time>2026-08-18T16:51:12+00:00</time>
      </trkpt>
      <trkpt lat="47.77033" lon="18.98696">
        <ele>217</ele>
        <time>2026-08-18T16:51:15+00:00</time>
      </trkpt>
      <trkpt lat="47.77056" lon="18.98672">
        <ele>214</ele>
        <time>2026-08-18T16:51:18+00:00</time>
      </trkpt>
      <trkpt lat="47.77083" lon="18.98638">
        <ele>211</ele>
        <time>2026-08-18T16:51:21+00:00</time>
      </trkpt>
      <trkpt lat="47.77087" lon="18.98639">
        <ele>202</ele>
        <time>2026-08-18T16:51:24+00:00</time>
      </trkpt>
      <trkpt lat="47.77092" lon="18.98648">
        <ele>203</ele>
        <time>2026-08-18T16:51:27+00:00</time>
      </trkpt>
      <trkpt lat="47.77102" lon="18.98675">
        <ele>211</ele>
        <time>2026-08-18T16:51:30+00:00</time>
      </trkpt>
      <trkpt lat="47.77116" lon="18.98703">
        <ele>211</ele>
        <time>2026-08-18T16:51:33+00:00</time>
      </trkpt>
      <trkpt lat="47.77123" lon="18.98708">
        <ele>209</ele>
        <time>2026-08-18T16:51:36+00:00</time>
      </trkpt>
      <trkpt lat="47.77129" lon="18.98709">
        <ele>208</ele>
        <time>2026-08-18T16:51:39+00:00</time>
      </trkpt>
      <trkpt lat="47.77136" lon="18.98707">
        <ele>209</ele>
        <time>2026-08-18T16:51:42+00:00</time>
      </trkpt>
      <trkpt lat="47.77144" lon="18.98701">
        <ele>204</ele>
        <time>2026-08-18T16:51:45+00:00</time>
      </trkpt>
      <trkpt lat="47.77148" lon="18.98696">
        <ele>203</ele>
        <time>2026-08-18T16:51:48+00:00</time>
      </trkpt>
      <trkpt lat="47.77158" lon="18.9868">
        <ele>206</ele>
        <time>2026-08-18T16:51:51+00:00</time>
      </trkpt>
      <trkpt lat="47.77178" lon="18.98643">
        <ele>201</ele>
        <time>2026-08-18T16:51:54+00:00</time>
      </trkpt>
      <trkpt lat="47.77192" lon="18.98616">
        <ele>198</ele>
        <time>2026-08-18T16:51:57+00:00</time>
      </trkpt>
      <trkpt lat="47.77206" lon="18.98589">
        <ele>194</ele>
        <time>2026-08-18T16:52:00+00:00</time>
      </trkpt>
      <trkpt lat="47.77232" lon="18.98547">
        <ele>189</ele>
        <time>2026-08-18T16:52:03+00:00</time>
      </trkpt>
      <trkpt lat="47.77249" lon="18.9852">
        <ele>187</ele>
        <time>2026-08-18T16:52:06+00:00</time>
      </trkpt>
      <trkpt lat="47.77264" lon="18.98504">
        <ele>183</ele>
        <time>2026-08-18T16:52:09+00:00</time>
      </trkpt>
      <trkpt lat="47.77268" lon="18.98501">
        <ele>181</ele>
        <time>2026-08-18T16:52:12+00:00</time>
      </trkpt>
      <trkpt lat="47.77287" lon="18.98495">
        <ele>181</ele>
        <time>2026-08-18T16:52:15+00:00</time>
      </trkpt>
      <trkpt lat="47.77308" lon="18.98495">
        <ele>179</ele>
        <time>2026-08-18T16:52:18+00:00</time>
      </trkpt>
      <trkpt lat="47.77347" lon="18.98505">
        <ele>178</ele>
        <time>2026-08-18T16:52:21+00:00</time>
      </trkpt>
      <trkpt lat="47.77339" lon="18.98478">
        <ele>178</ele>
        <time>2026-08-18T16:52:24+00:00</time>
      </trkpt>
      <trkpt lat="47.77325" lon="18.98452">
        <ele>180</ele>
        <time>2026-08-18T16:52:27+00:00</time>
      </trkpt>
      <trkpt lat="47.77315" lon="18.98439">
        <ele>181</ele>
        <time>2026-08-18T16:52:30+00:00</time>
      </trkpt>
      <trkpt lat="47.7731" lon="18.98433">
        <ele>183</ele>
        <time>2026-08-18T16:52:33+00:00</time>
      </trkpt>
      <trkpt lat="47.77286" lon="18.9841">
        <ele>187</ele>
        <time>2026-08-18T16:52:36+00:00</time>
      </trkpt>
      <trkpt lat="47.77255" lon="18.98387">
        <ele>191</ele>
        <time>2026-08-18T16:52:39+00:00</time>
      </trkpt>
      <trkpt lat="47.7724" lon="18.98379">
        <ele>192</ele>
        <time>2026-08-18T16:52:42+00:00</time>
      </trkpt>
      <trkpt lat="47.77227" lon="18.98375">
        <ele>191</ele>
        <time>2026-08-18T16:52:45+00:00</time>
      </trkpt>
      <trkpt lat="47.77213" lon="18.98377">
        <ele>194</ele>
        <time>2026-08-18T16:52:48+00:00</time>
      </trkpt>
      <trkpt lat="47.77202" lon="18.98381">
        <ele>191</ele>
        <time>2026-08-18T16:52:51+00:00</time>
      </trkpt>
      <trkpt lat="47.7719" lon="18.98384">
        <ele>192</ele>
        <time>2026-08-18T16:52:54+00:00</time>
      </trkpt>
      <trkpt lat="47.77176" lon="18.98383">
        <ele>191</ele>
        <time>2026-08-18T16:52:57+00:00</time>
      </trkpt>
      <trkpt lat="47.77166" lon="18.98375">
        <ele>195</ele>
        <time>2026-08-18T16:53:00+00:00</time>
      </trkpt>
      <trkpt lat="47.77157" lon="18.98365">
        <ele>192</ele>
        <time>2026-08-18T16:53:03+00:00</time>
      </trkpt>
      <trkpt lat="47.77133" lon="18.98336">
        <ele>195</ele>
        <time>2026-08-18T16:53:06+00:00</time>
      </trkpt>
      <trkpt lat="47.7712" lon="18.98325">
        <ele>200</ele>
        <time>2026-08-18T16:53:09+00:00</time>
      </trkpt>
      <trkpt lat="47.77101" lon="18.98317">
        <ele>195</ele>
        <time>2026-08-18T16:53:12+00:00</time>
      </trkpt>
      <trkpt lat="47.77066" lon="18.98305">
        <ele>192</ele>
        <time>2026-08-18T16:53:15+00:00</time>
      </trkpt>
      <trkpt lat="47.77048" lon="18.98297">
        <ele>192</ele>
        <time>2026-08-18T16:53:18+00:00</time>
      </trkpt>
      <trkpt lat="47.77032" lon="18.98287">
        <ele>199</ele>
        <time>2026-08-18T16:53:21+00:00</time>
      </trkpt>
      <trkpt lat="47.76998" lon="18.98263">
        <ele>191</ele>
        <time>2026-08-18T16:53:24+00:00</time>
      </trkpt>
      <trkpt lat="47.76974" lon="18.98251">
        <ele>191</ele>
        <time>2026-08-18T16:53:27+00:00</time>
      </trkpt>
      <trkpt lat="47.76945" lon="18.98237">
        <ele>191</ele>
        <time>2026-08-18T16:53:30+00:00</time>
      </trkpt>
      <trkpt lat="47.76922" lon="18.98225">
        <ele>192</ele>
        <time>2026-08-18T16:53:33+00:00</time>
      </trkpt>
      <trkpt lat="47.76893" lon="18.9821">
        <ele>195</ele>
        <time>2026-08-18T16:53:36+00:00</time>
      </trkpt>
      <trkpt lat="47.76885" lon="18.98208">
        <ele>196</ele>
        <time>2026-08-18T16:53:39+00:00</time>
      </trkpt>
      <trkpt lat="47.76872" lon="18.98207">
        <ele>197</ele>
        <time>2026-08-18T16:53:42+00:00</time>
      </trkpt>
      <trkpt lat="47.76853" lon="18.98209">
        <ele>198</ele>
        <time>2026-08-18T16:53:45+00:00</time>
      </trkpt>
    </trkseg>
  </trk>
</gpx>
